time,day_of_year_fraction,sun_zenith_angle,aod550
2023-03-01 10:36:57,60.442326,53.573681,0.02731477322140345
2023-03-01 10:51:57,60.452743,52.605169,0.03523375692292997
2023-03-01 11:21:56,60.473565,51.293619,0.045834598391063935
2023-03-01 11:36:55,60.48397,50.966931,0.04950920767308141
2023-03-01 11:51:57,60.49441,50.86621,0.06914828298402215
2023-03-01 12:00:14,60.500162,50.908531,0.08959101025421809
2023-03-18 08:56:00,77.372222,58.42061,0.07230165679815741
2023-03-18 09:02:43,77.376887,57.459135,0.058826806645650355
2023-03-18 09:17:43,77.387303,55.393019,0.12020032439349396
2023-03-18 09:32:43,77.39772,53.450978,0.11561772069202608
2023-03-18 09:47:44,77.408148,51.646804,0.060721692376262626
2023-03-18 09:56:04,77.413935,50.712147,0.06456824524484137
2023-03-18 10:05:02,77.420162,49.763751,0.06436574847251006
2023-03-18 11:32:44,77.481065,44.348507,0.1265349968135476
2023-03-18 11:47:44,77.491481,44.236741,0.08730082827652663
2023-03-19 13:32:24,78.564167,49.834186,0.0758843165627619
2023-03-19 13:47:25,78.574595,51.509642,0.0641119997358039
2023-03-19 13:55:46,78.580394,52.509227,0.07099780595459013
2023-03-19 14:02:24,78.585,53.335409,0.07433274689808256
2023-03-19 14:17:24,78.595417,55.300594,0.08575184017291604
2023-03-19 14:32:24,78.605833,57.38751,0.09568963562467234
2023-03-19 14:47:25,78.616262,59.584067,0.09462117388730085
2023-03-19 14:55:39,78.621979,60.829088,0.08389321458519637
2023-03-19 15:01:18,78.625903,61.698724,0.08489576059642431
2023-03-19 15:10:07,78.632025,63.078874,0.07872092787325778
2023-03-19 15:23:33,78.641354,65.231224,0.07734110517779393
2023-03-19 15:35:47,78.64985,67.237643,0.07573014186203915
2023-03-19 15:45:57,78.65691,68.934703,0.08587276920347799
2023-03-19 16:03:05,78.668808,71.847176,0.10730653491299161
2023-03-19 16:08:48,78.672778,72.831783,0.12498310336629853
2023-03-20 07:18:54,79.304792,73.438193,0.026711767617411893
2023-03-20 07:24:32,79.308704,72.460273,0.025978419477992683
2023-03-20 07:30:56,79.313148,71.355871,0.02546331803182539
2023-03-20 07:38:16,79.318241,70.099995,0.026602985083140556
2023-03-20 07:46:34,79.324005,68.692114,0.028880882549614167
2023-03-20 07:52:13,79.327928,67.74262,0.028075211898001204
2023-03-20 07:56:58,79.331227,66.950361,0.029376257306465217
2023-03-20 08:09:08,79.339676,64.948194,0.029468541499261595
2023-03-20 08:24:09,79.350104,62.537296,0.03242511779777452
2023-03-20 08:43:19,79.363414,59.573119,0.027861749478728395
2023-03-20 08:52:08,79.369537,58.25834,0.026572512627333556
2023-03-20 09:00:26,79.375301,57.051937,0.025918928238689187
2023-03-20 09:06:06,79.379236,56.246958,0.026237943687310833
2023-03-20 09:17:05,79.386863,54.733094,0.02671428710001647
2023-03-20 09:32:06,79.397292,52.771584,0.025332061754034747
2023-03-20 09:47:08,79.407731,50.947912,0.03077173311006281
2023-03-20 10:04:08,79.419537,49.076021,0.043791077938795386
2023-03-20 10:17:06,79.428542,47.799392,0.022978213634030818
2023-03-20 10:32:06,79.438958,46.502461,0.02560205312366938
2023-03-20 10:47:08,79.449398,45.412998,0.029152958742469585
2023-03-20 10:55:33,79.455243,44.901139,0.03235841351360501
2023-03-20 11:02:06,79.459792,44.553689,0.030912230652917153
2023-03-20 11:17:06,79.470208,43.931947,0.07408098817640456
2023-03-20 11:47:08,79.491065,43.446516,0.05287875266615283
2023-03-20 12:02:07,79.50147,43.591823,0.047149159939638086
2023-03-20 12:17:06,79.511875,43.99308,0.05719012293917725
2023-03-20 12:55:28,79.538519,46.127055,0.11550331470654626
2023-03-20 13:55:22,79.580116,52.152359,0.0950058182358081
2023-03-22 07:05:41,81.295613,75.089987,0.03655871763287581
2023-03-22 07:14:51,81.301979,73.479128,0.03553864283569132
2023-03-22 07:16:45,81.303299,73.146685,0.03541252356844834
2023-03-22 07:20:39,81.306007,72.465996,0.03586924153189699
2023-03-22 07:26:59,81.310405,71.365788,0.036984494401506016
2023-03-22 07:34:18,81.315486,70.103589,0.03657233575194864
2023-03-22 07:42:33,81.321215,68.692892,0.03703168077672205
2023-03-22 07:48:08,81.325093,67.746327,0.037316390541360954
2023-03-22 07:52:49,81.328345,66.957813,0.037710453044739675
2023-03-22 08:04:52,81.336713,64.954014,0.04440972505761945
2023-03-22 08:19:42,81.347014,62.542953,0.04688876722940178
2023-03-22 08:38:35,81.360127,59.577618,0.05519894517975395
2023-03-22 08:47:24,81.36625,58.238948,0.05552318444738982
2023-03-22 08:55:41,81.372002,57.011019,0.05664456662838073
2023-03-22 09:01:28,81.376019,56.172025,0.05702821371055263
2023-03-22 09:16:28,81.386435,54.072603,0.05810162402866074
2023-03-22 09:31:28,81.396852,52.095942,0.05318907378506156
2023-03-22 09:46:29,81.40728,50.256397,0.06160656803335339
2023-03-22 09:54:41,81.412975,49.316953,0.06311367911396157
2023-03-22 10:04:09,81.419549,48.294412,0.06487581676137466
2023-03-22 10:16:28,81.428102,47.07085,0.06807960784673393
2023-03-22 10:31:28,81.438519,45.757643,0.06563259119520314
2023-03-22 10:46:30,81.448958,44.653532,0.07016426942790478
2023-03-22 10:54:55,81.454803,44.134441,0.06861232265779595
2023-03-22 11:01:28,81.459352,43.781934,0.06943512125920316
2023-03-22 11:16:28,81.469769,43.150769,0.08271852613578957
2023-03-22 11:31:28,81.480185,42.773443,0.07874157183000727
2023-03-22 11:46:30,81.490625,42.65699,0.06812106184922277
2023-03-22 11:54:41,81.496308,42.704718,0.07128370640401877
2023-03-22 12:01:28,81.501019,42.803507,0.06643037863996959
2023-03-22 12:16:29,81.511447,43.210887,0.058161492711363186
2023-03-22 12:31:29,81.521863,43.87063,0.05622961909423649
2023-03-22 12:46:29,81.53228,44.771375,0.05268014341335108
2023-03-22 12:54:42,81.537986,45.361698,0.051750529730132486
2023-03-22 13:01:28,81.542685,45.896886,0.049638680705148236
2023-03-22 13:16:28,81.553102,47.232648,0.04899156672967681
2023-03-22 13:31:28,81.563519,48.759326,0.04484159100671648
2023-03-22 13:46:29,81.573947,50.460382,0.041812436551770284
2023-03-22 13:54:45,81.579688,51.463916,0.04242951465090571
2023-03-22 14:01:28,81.584352,52.311737,0.041943554419182696
2023-03-22 14:16:28,81.594769,54.30201,0.047199326156763394
2023-03-22 14:46:29,81.615613,58.632444,0.04410079488645136
2023-03-22 14:54:42,81.621319,59.886779,0.04131434700418831
2023-03-22 15:00:18,81.625208,60.756438,0.0390934843032746
2023-03-22 15:28:06,81.644514,65.228704,0.05203759263703927
2023-03-23 11:54:38,82.496273,42.313572,0.12283086135551283
2023-03-23 12:01:10,82.50081,42.410393,0.1280907809411334
2023-03-23 13:16:09,82.552882,46.867165,0.08285152438425589
2023-03-23 13:46:10,82.573727,50.1119,0.0777810364322688
2023-03-23 13:54:25,82.579456,51.11811,0.07406602677811895
2023-03-23 14:01:09,82.584132,51.971845,0.07587620261819367
2023-03-23 14:16:09,82.594549,53.970514,0.059743960404182624
2023-03-23 15:29:35,82.645544,65.229095,0.05023500984417031
2023-03-23 15:51:34,82.66081,68.933589,0.10455802375449556
2023-03-23 16:08:16,82.672407,71.814506,0.07626993653929358
2023-03-23 16:13:54,82.676319,72.797008,0.05948285293966177
2023-03-25 08:13:11,84.342488,62.551739,0.04198900797434901
2023-03-25 08:31:40,84.355324,59.587905,0.03499120412556327
2023-03-25 08:45:31,84.364942,57.446001,0.03249493211086536
2023-03-25 08:53:45,84.37066,56.209312,0.03561036307748743
2023-03-25 09:00:31,84.375359,55.215304,0.034952609016359514
2023-03-25 09:15:31,84.385775,53.090847,0.035455379323691444
2023-03-25 09:30:32,84.396204,51.085855,0.04043333109349543
2023-03-25 10:03:22,84.419005,47.210163,0.04399609494196773
2023-03-25 10:15:31,84.427442,45.982717,0.03474922609343785
2023-03-25 15:44:21,84.655799,67.232632,0.08237980955808719
2023-03-25 15:54:15,84.662674,68.927756,0.058742034516370015
2023-03-25 16:02:39,84.668507,70.380526,0.04977749257083547
2023-03-25 16:10:56,84.674259,71.824805,0.04852086125173217
2023-03-26 09:45:13,85.4064,48.878576,0.09576124597512693
2023-03-26 09:53:32,85.412176,47.906088,0.0819591025302331
2023-03-26 10:01:39,85.417812,47.006416,0.0709023716030991
2023-03-26 10:15:13,85.427234,45.620166,0.05823374839166139
2023-03-26 10:30:12,85.437639,44.275322,0.06077702300516484
2023-03-26 10:45:14,85.448079,43.141209,0.06264597212660494
2023-03-26 10:53:27,85.453785,42.619097,0.05459597467760996
2023-03-26 11:00:13,85.458484,42.243539,0.05846269499160734
2023-03-26 11:15:13,85.4689,41.593346,0.0542434844968187
2023-03-26 14:53:31,85.620498,58.659136,0.028305896722254816
2023-03-26 15:01:01,85.625706,59.84037,0.02837454989310056
2023-03-26 15:19:23,85.638461,62.81121,0.0382880084924177
2023-03-26 15:33:54,85.648542,65.227361,0.04248657937074765
2023-03-26 15:45:43,85.656748,67.231569,0.04434319721951455
2023-03-26 15:55:35,85.6636,68.927237,0.04643876885071875
2023-03-26 16:03:58,85.669421,70.381866,0.04540546679250258
2023-03-26 16:12:15,85.675174,71.830359,0.04444780950221233
2023-03-27 06:56:18,86.289097,75.110368,0.03048398043465951
2023-03-27 07:05:12,86.295278,73.527908,0.02844135424153539
2023-03-27 07:07:07,86.296609,73.188217,0.02853260017993199
2023-03-27 07:11:05,86.299363,72.486583,0.030637853285575944
2023-03-27 07:17:21,86.303715,71.382217,0.03190626755187429
2023-03-27 07:24:31,86.308692,70.126176,0.034148854414531866
2023-03-27 07:32:48,86.314444,68.684734,0.0336324975405212
2023-03-27 07:38:23,86.318322,67.71996,0.0351568916989644
2023-03-27 07:42:42,86.321319,66.978154,0.035172352963203
2023-03-27 07:54:29,86.329502,64.973193,0.03515982489380908
2023-03-27 08:08:55,86.339525,62.562475,0.03209775218291971
2023-03-27 08:27:11,86.352211,59.595949,0.032693019158846835
2023-03-27 08:44:53,86.364502,56.829141,0.030940043120539055
2023-03-27 08:53:06,86.370208,55.586507,0.030711275221049425
2023-03-27 08:59:52,86.374907,54.58526,0.0324321687575459
2023-03-27 09:14:52,86.385324,52.444002,0.02933785982705547
2023-03-27 09:29:52,86.395741,50.423503,0.02962414736175281
2023-03-27 09:44:54,86.406181,48.536803,0.027454815977942335
2023-03-27 09:53:08,86.411898,47.568798,0.030910482195624315
2023-03-27 10:02:40,86.418519,46.51094,0.03232024130809105
2023-03-27 10:14:52,86.426991,45.263552,0.03748595750046783
2023-03-27 10:29:55,86.437442,43.904226,0.03294598524510615
2023-03-27 10:44:53,86.447836,42.767494,0.028191637370006656
2023-03-27 10:53:14,86.453634,42.233432,0.0315807242467098
2023-03-27 10:59:53,86.458252,41.861944,0.026186154258629853
2023-03-27 11:14:55,86.468692,41.205341,0.031351775477125754
2023-03-27 11:29:52,86.479074,40.814039,0.03431377558694032
2023-03-27 11:44:54,86.489514,40.691586,0.03613208710836946
2023-03-27 11:53:13,86.495289,40.74176,0.03508645931635784
2023-03-27 11:59:52,86.499907,40.84215,0.028868313569686124
2023-03-27 12:14:52,86.510324,41.262701,0.032529431844866744
2023-03-27 12:29:53,86.520752,41.945641,0.02935253235859094
2023-03-27 12:44:53,86.531169,42.876415,0.031226398541626166
2023-03-27 12:53:14,86.536968,43.496209,0.028359677487162022
2023-03-27 12:59:52,86.541574,44.037732,0.03037770073366379
2023-03-27 13:14:52,86.551991,45.413452,0.030122306663630163
2023-03-27 13:29:52,86.562407,46.98257,0.030841741962164094
2023-03-27 13:44:54,86.572847,48.729166,0.03321661637686794
2023-03-27 13:53:11,86.5786,49.758847,0.03474343367842625
2023-03-27 13:59:52,86.583241,50.621719,0.03271843797889029
2023-03-27 14:14:52,86.593657,52.654099,0.031864078541850235
2023-03-27 15:20:51,86.639479,62.809676,0.02354632491430655
2023-03-27 15:35:17,86.649502,65.223652,0.02619002329535294
2023-03-27 15:47:04,86.657685,67.230395,0.02449995058826318
2023-03-27 15:56:54,86.664514,68.926334,0.026062987581764382
2023-03-27 16:05:14,86.670301,70.37679,0.025068445549353925
2023-03-28 07:22:36,87.307361,70.130559,0.07860064058315124
2023-03-28 07:31:08,87.313287,68.6412,0.07899074260626038
2023-03-28 07:52:28,87.328102,64.976159,0.06302831606127597
2023-03-28 08:06:50,87.338079,62.564961,0.06172307421925509
2023-03-28 08:24:59,87.350683,59.599724,0.057742614905130774
2023-03-28 08:33:42,87.356736,58.212938,0.06963696041318343
2023-03-28 08:44:34,87.364282,56.522697,0.05747691517235213
2023-03-28 08:52:52,87.370046,55.263372,0.045336162635577486
2023-03-28 08:59:32,87.374676,54.273487,0.043120592450294586
2023-03-28 09:14:33,87.385104,52.121446,0.04148794568948063
2023-03-28 09:29:33,87.395521,50.092169,0.04891234706718067
2023-03-28 10:02:23,87.418322,46.156059,0.049022954619600115
2023-03-28 10:14:33,87.426771,44.904954,0.040798434071580694
2023-03-28 10:29:33,87.437187,43.541243,0.04045215838869561
2023-03-28 10:44:34,87.447616,42.392597,0.03916320208049293
2023-03-28 10:52:51,87.453368,41.858713,0.03721301677101995
2023-03-28 10:59:34,87.458032,41.48049,0.035614443602566055
2023-03-28 11:14:33,87.468437,40.820621,0.03404732567749188
2023-03-28 11:29:34,87.478866,40.424081,0.03462898443398231
2023-03-28 11:44:34,87.489282,40.300729,0.03963659874357619
2023-03-28 11:59:34,87.499699,40.45255,0.03792523450355587
2023-03-28 12:14:33,87.510104,40.875719,0.03937300650105561
2023-03-28 12:29:34,87.520532,41.563424,0.03862661023144999
2023-03-28 12:44:35,87.530961,42.501655,0.035347139468690926
2023-03-28 12:52:51,87.536701,43.119044,0.03459497160484937
2023-03-28 12:59:33,87.541354,43.669243,0.032975815503075705
2023-03-28 13:14:33,87.551771,45.053224,0.03242332306449905
2023-03-28 13:29:33,87.562187,46.631064,0.03338075402074128
2023-03-28 13:44:34,87.572616,48.384527,0.03407408349552187
2023-03-28 13:52:52,87.57838,49.421123,0.03546064312772831
2023-03-28 13:59:33,87.583021,50.287887,0.046351542089030834
2023-03-28 14:14:33,87.593437,52.328772,0.06883288597520718
2023-03-28 14:29:33,87.603854,54.488084,0.05252183033760251
2023-03-28 14:44:34,87.614282,56.752847,0.05419114883482271
2023-03-28 14:52:46,87.619977,58.027967,0.06488830996807811
2023-03-28 14:59:33,87.624687,59.101332,0.058628748002368745
2023-03-28 15:04:09,87.627882,59.838144,0.07544217407532655
2023-03-28 15:36:40,87.650463,65.22293,0.04048173928204717
2023-03-30 09:43:56,89.405509,47.522125,0.09988869024203799
2023-03-30 09:52:13,89.411262,46.53301,0.0930819376629109
2023-03-30 10:01:28,89.417685,45.488767,0.09182171231784796
2023-03-30 10:13:56,89.426343,44.19033,0.09286294879489512
2023-03-30 10:28:55,89.436748,42.810924,0.08896762780040557
2023-03-30 10:43:56,89.447176,41.646528,0.10409574680876575
2023-03-30 10:52:11,89.452905,41.106954,0.11047741403628869
2023-03-30 10:58:55,89.457581,40.721948,0.1154369464618425
2023-03-30 11:13:56,89.468009,40.05034,0.10967368737586068
2023-03-30 11:28:56,89.478426,39.64784,0.1139558222775505
2023-03-30 12:58:55,89.540914,42.935894,0.10319040940494276
2023-03-30 13:13:56,89.551343,44.338245,0.09712317124067478
2023-03-30 13:28:55,89.561748,45.932014,0.10028878236313352
2023-03-30 13:43:56,89.572176,47.70337,0.09417274253454219
2023-03-30 13:52:14,89.57794,48.749786,0.09434357346614965
2023-03-30 13:58:55,89.582581,49.624357,0.09423512484471193
2023-03-30 14:13:55,89.592998,51.682268,0.09143634686694581
2023-03-30 14:28:55,89.603414,53.857698,0.0922121128740286
2023-03-30 14:43:56,89.613843,56.137488,0.08964459498627297
2023-03-30 14:52:12,89.619583,57.430828,0.0953421711824832
2023-03-30 14:58:55,89.624248,58.499733,0.09562143450677646
2023-03-30 15:07:12,89.63,59.838513,0.09553889404927152
2023-03-30 15:25:10,89.642477,62.811602,0.09748815760029751
2023-03-30 15:39:24,89.652361,65.224598,0.09848603028697953
2023-03-30 15:51:02,89.66044,67.228432,0.10321191379432579
2023-03-30 16:00:48,89.667222,68.929435,0.10448660809141778
2023-03-30 16:09:02,89.67294,70.374828,0.10820505553155804
2023-03-30 16:17:18,89.678681,71.835383,0.10784140353740852
2023-03-31 09:13:36,90.384444,51.163479,0.41197096948889994
2023-03-31 15:26:33,90.643438,62.809488,0.28498177360939486
2023-03-31 15:40:47,90.653322,65.232589,0.2881149698157629
2023-04-01 12:28:19,91.519664,40.046854,0.036371793155633665
2023-04-01 12:43:19,91.530081,41.009888,0.04006804521907908
2023-04-01 12:51:35,91.535822,41.643563,0.04381924878270745
2023-04-01 12:58:19,91.540498,42.210752,0.040877973321766146
2023-04-01 13:58:18,91.582153,48.968878,0.07609204148538534
2023-04-01 14:13:18,91.592569,51.043941,0.07189171139797461
2023-04-01 14:43:19,91.613414,55.530334,0.0696229369405644
2023-04-01 14:51:41,91.619225,56.847277,0.08876632070014946
2023-04-01 14:58:18,91.623819,57.906261,0.07120555589188893
2023-04-01 15:42:03,91.654201,65.223299,0.06755260717018417
2023-04-01 15:53:37,91.662234,67.229256,0.07717931037084567
2023-04-02 08:27:59,92.352766,57.39573,0.03618295502819347
2023-04-02 08:42:59,92.363183,55.015772,0.034077754985316594
2023-04-02 08:51:14,92.368912,53.743072,0.0318880489752043
2023-04-02 08:57:59,92.3736,52.723003,0.031604085647743016
2023-04-02 09:12:59,92.384016,50.531902,0.02904114359738347
2023-04-02 09:27:59,92.394433,48.458652,0.029007626875512484
2023-04-02 09:43:01,92.404873,46.517037,0.038010852848968726
2023-04-02 09:51:14,92.410579,45.520479,0.0356483719246865
2023-04-02 10:00:28,92.416991,44.460475,0.0371285280585648
2023-04-02 10:12:59,92.425683,43.133344,0.03186198319817168
2023-04-02 10:28:00,92.436111,41.724418,0.033829820705484
2023-04-02 10:43:01,92.446539,40.5362,0.031691975531702485
2023-04-02 10:51:23,92.45235,39.977739,0.03100361546346629
2023-04-02 10:58:00,92.456944,39.591446,0.03289417712033918
2023-04-02 11:13:00,92.467361,38.904991,0.03248792182330229
2023-04-02 11:27:59,92.477766,38.49279,0.0324345145174915
2023-04-02 11:43:01,92.488206,38.363118,0.03476407056698991
2023-04-02 11:58:00,92.498611,38.519775,0.0346659747932189
2023-04-02 12:13:00,92.509028,38.958902,0.03638825846531852
2023-04-02 12:28:00,92.519444,39.67072,0.03668778715631719
2023-04-02 12:43:01,92.529873,40.641508,0.036073262512606945
2023-04-02 12:51:19,92.535637,41.282181,0.0323412973084245
2023-04-02 12:58:00,92.540278,41.84889,0.036396594950602885
2023-04-02 13:12:59,92.550683,43.273757,0.03499180143168816
2023-04-02 13:28:00,92.561111,44.897993,0.03855829231736898
2023-04-02 13:43:01,92.571539,46.696747,0.038174803625297286
2023-04-02 13:51:17,92.57728,47.753779,0.033070550493371084
2023-04-02 13:57:59,92.581933,48.642323,0.03705452354776438
2023-04-02 14:13:00,92.592361,50.728256,0.029648708205504217
2023-04-02 14:27:59,92.602766,52.925453,0.025571199305630208
2023-04-02 14:43:00,92.613194,55.227644,0.027993763245983832
2023-04-02 14:51:19,92.61897,56.540457,0.03256555695757356
2023-04-02 14:57:59,92.6236,57.610295,0.035427916500778645
2023-04-02 15:11:37,92.633067,59.841768,0.031442277994008394
2023-04-02 15:29:17,92.645336,62.809004,0.03027265758412068
2023-04-02 15:43:21,92.655104,65.222419,0.029205436505013255
2023-04-02 15:54:52,92.663102,67.226049,0.031756858316621527
2023-04-02 16:04:31,92.669803,68.921098,0.0295288045591191
2023-04-02 16:12:44,92.675509,70.374274,0.03083012263165654
2023-04-03 06:52:46,93.286644,73.488474,0.04149355345186222
2023-04-03 06:58:13,93.290428,72.510928,0.04157574462204539
2023-04-03 07:04:22,93.294699,71.410827,0.0427392251265848
2023-04-03 07:11:28,93.29963,70.145514,0.04362981564622492
2023-04-03 07:19:43,93.305359,68.682626,0.044222038028787776
2023-04-03 07:25:26,93.309329,67.674145,0.0422719486444643
2023-04-03 07:29:16,93.311991,67.000543,0.04258060905281163
2023-04-03 07:40:45,93.319965,64.996832,0.04686895394082059
2023-04-03 07:54:46,93.329699,62.584315,0.043459565005748775
2023-04-03 08:12:21,93.34191,59.620466,0.04722851725798107
2023-04-03 08:21:12,93.348056,58.159753,0.048661546281950234
2023-04-03 08:27:41,93.352558,57.104628,0.046160293787239653
2023-04-03 08:42:42,93.362986,54.715175,0.04514400998816441
2023-04-03 08:51:00,93.36875,53.430794,0.045588344538749194
2023-04-03 08:57:41,93.373391,52.417442,0.05212147915143757
2023-04-03 09:12:41,93.383808,50.218146,0.04536412221221681
2023-04-03 09:27:41,93.394225,48.136167,0.04633352273386989
2023-04-03 09:42:42,93.404653,46.187492,0.04293499025400945
2023-04-03 09:51:01,93.410428,45.173852,0.04173981188293418
2023-04-03 10:00:17,93.416863,44.104974,0.050544088127511294
2023-04-03 10:12:41,93.425475,42.783186,0.0484593780457199
2023-04-03 10:27:42,93.435903,41.365411,0.04711335084365224
2023-04-03 10:42:43,93.446331,40.169132,0.04790181360940689
2023-04-03 10:57:42,93.456736,39.217539,0.04654035765137617
2023-04-03 11:12:42,93.467153,38.525847,0.044162461101264684
2023-04-03 11:27:42,93.477569,38.110061,0.043521807613234396
2023-04-03 11:42:43,93.487998,37.979595,0.04250871255050985
2023-04-03 11:57:42,93.498403,38.13742,0.04176024867530179
2023-04-03 12:12:41,93.508808,38.579241,0.043683634750924724
2023-04-03 12:27:42,93.519236,39.296978,0.04293419803896464
2023-04-03 12:42:43,93.529664,40.274627,0.04365875863096795
2023-04-03 12:57:41,93.540058,41.488546,0.0386523796997522
2023-04-03 13:12:41,93.550475,42.923663,0.03892357385616769
2023-04-03 13:27:41,93.560891,44.555154,0.03639754084530963
2023-04-03 13:42:42,93.571319,46.362947,0.03581245195603556
2023-04-03 13:50:58,93.57706,47.424891,0.035366456041439294
2023-04-03 13:57:42,93.581736,48.321859,0.03703681039420166
2023-04-03 14:12:41,93.592141,50.411762,0.03975015172978851
2023-04-03 14:27:41,93.602558,52.619414,0.04157943707201688
2023-04-03 14:42:42,93.612986,54.929058,0.046810609552274875
2023-04-03 14:50:58,93.618727,56.237718,0.0586429035026311
2023-04-03 14:57:41,93.623391,57.318466,0.05097902690515517
2023-04-03 15:12:41,93.633808,59.782672,0.0448560119183235
2023-04-03 15:14:36,93.635139,60.102147,0.04657643726780657
2023-04-03 15:30:38,93.646273,62.810499,0.04266798789122676
2023-04-03 15:44:39,93.656007,65.224183,0.04410596824620994
2023-04-03 15:56:08,93.663981,67.228118,0.046155064393214915
2023-04-03 16:05:45,93.67066,68.921689,0.0431873914161489
2023-04-03 16:13:56,93.676343,70.372191,0.04339068500647956
2023-04-04 16:15:13,94.677234,70.386874,0.1426499926740412
2023-04-05 08:57:04,95.372963,51.815916,0.10604919590246237
2023-04-05 09:42:05,95.404225,45.533289,0.12005037377260212
2023-04-05 09:50:24,95.41,44.509151,0.10150438517018107
2023-04-05 09:59:25,95.416262,43.456779,0.11498454834658633
2023-04-05 10:12:04,95.425046,42.091086,0.11936480640949022
2023-04-05 10:27:05,95.435475,40.655082,0.14100563704064503
2023-04-05 10:42:06,95.445903,39.442091,0.15456517548220566
2023-04-05 10:57:04,95.456296,38.477125,0.1566591740309176
2023-04-05 11:12:05,95.466725,37.773403,0.15527706764478738
2023-04-05 11:27:05,95.477141,37.350467,0.13990247038286852
2023-04-05 11:42:06,95.487569,37.217294,0.11139113603368085
2023-04-05 11:57:05,95.497975,37.377028,0.11340733536103208
2023-04-05 12:12:05,95.508391,37.825842,0.10737046851559938
2023-04-05 12:27:05,95.518808,38.553222,0.10246969856408596
2023-04-05 12:42:06,95.529236,39.544396,0.0918563963439637
2023-04-05 12:57:05,95.539641,40.775662,0.09307171098674649
2023-04-05 13:12:08,95.550093,42.233608,0.0953844406475074
2023-04-05 13:27:05,95.560475,43.87828,0.09180458432382278
2023-04-05 13:42:05,95.570891,45.70241,0.09284793932291283
2023-04-05 13:50:17,95.576586,46.765436,0.0981836245122127
2023-04-05 13:57:04,95.581296,47.676867,0.091576498491862
2023-04-05 14:12:04,95.591713,49.786023,0.07573725503267248
2023-04-05 14:27:04,95.60213,52.009582,0.08005490001831547
2023-04-05 14:42:05,95.612558,54.33388,0.07941393285126558
2023-04-05 14:50:19,95.618275,55.64467,0.07640607377847011
2023-04-05 14:57:04,95.622963,56.73654,0.08228083827045199
2023-04-05 15:12:04,95.63338,59.212596,0.0761334268221689
2023-04-05 15:15:50,95.635995,59.844104,0.07011163627701851
2023-04-05 15:33:16,95.648102,62.810892,0.07792119030850354
2023-04-05 15:47:11,95.657766,65.223833,0.07198392126543413
2023-04-05 15:58:36,95.665694,67.227444,0.08003751915541922
2023-04-05 16:08:10,95.672338,68.920278,0.0701366603693343
2023-04-06 06:52:54,96.286736,72.523108,0.05826350675158598
2023-04-06 06:59:02,96.290995,71.420829,0.05754043145111023
2023-04-06 07:06:04,96.29588,70.160631,0.059112563443446044
2023-04-06 07:14:45,96.30191,68.611513,0.056246300848661716
2023-04-06 07:20:27,96.305868,67.599218,0.052905950512187626
2023-04-06 07:23:46,96.308171,67.012068,0.052931133580424304
2023-04-06 07:35:09,96.316076,65.008703,0.05144853822892993
2023-04-06 07:49:01,96.325706,62.597124,0.05287933461930159
2023-04-06 08:06:23,96.337766,59.631631,0.050278363983130014
2023-04-06 08:15:16,96.343935,58.142751,0.049597465835868854
2023-04-06 08:26:46,96.351921,56.248125,0.05099211578846224
2023-04-06 08:41:47,96.36235,53.838102,0.052414338682737274
2023-04-06 08:49:58,96.368032,52.559459,0.053442571855325714
2023-04-06 08:56:46,96.372755,51.517703,0.05457115135674197
2023-04-06 09:26:46,96.393588,47.185326,0.0627102455886827
2023-04-06 09:41:48,96.404028,45.206766,0.05886395803630194
2023-04-06 09:50:03,96.409757,44.185533,0.05797825084222605
2023-04-06 09:59:31,96.416331,43.075922,0.05569030243799647
2023-04-06 10:11:47,96.42485,41.745987,0.06095208330562638
2023-04-06 10:26:47,96.435266,40.30255,0.05640068672838703
2023-04-06 10:41:48,96.445694,39.08116,0.0639760919003641
2023-04-06 10:56:47,96.4561,38.108065,0.05575398315197904
2023-04-06 11:11:47,96.466516,37.399701,0.05708923380327432
2023-04-06 11:26:47,96.476933,36.973199,0.05181656713926798
2023-04-06 13:26:47,96.560266,43.542443,0.059859855718801924
2023-04-06 14:41:47,96.61235,54.039961,0.059467675843811955
2023-04-06 14:50:03,96.61809,55.359822,0.06029259183684751
2023-04-06 15:17:12,96.636944,59.845136,0.06097787418911288
2023-04-06 15:34:33,96.648993,62.809615,0.061682729208137645
2023-04-06 15:48:25,96.658623,65.221564,0.06471550961311014
2023-04-06 15:59:48,96.666528,67.224562,0.07229982299143865
2023-04-06 16:09:21,96.67316,68.918162,0.07162074352937861
2023-04-07 06:51:11,97.285544,72.52264,0.040593289900333014
2023-04-07 07:33:20,97.314815,65.011099,0.048202142214663755
2023-04-07 07:47:10,97.324421,62.597765,0.036632543691412264
2023-04-07 08:04:27,97.336424,59.634849,0.04234696468789633
2023-04-07 08:41:14,97.361968,53.589661,0.04098494545815849
2023-04-07 08:50:08,97.368148,52.195089,0.04058619014944894
2023-04-07 08:58:23,97.373877,50.931168,0.04195313630971085
2023-04-07 09:04:01,97.377789,50.08539,0.04198913430078229
2023-04-07 09:11:29,97.382975,48.98762,0.04282242420221694
2023-04-07 10:56:30,97.455903,37.741148,0.03879794813390087
2023-04-07 11:11:30,97.466319,37.027394,0.04497300966784522
2023-04-07 11:26:30,97.476736,36.59754,0.050816309635270125
2023-04-07 11:41:31,97.487164,36.462007,0.05628300247453782
2023-04-07 12:26:30,97.518403,37.818128,0.06135313103156713
2023-04-07 12:41:31,97.528831,38.823461,0.07122260582773764
2023-04-07 12:56:30,97.539236,40.071196,0.08953345195685274
2023-04-07 13:11:30,97.549653,41.541901,0.07029300875089116
2023-04-07 13:26:30,97.560069,43.210358,0.0771526639239166
2023-04-07 13:41:30,97.570486,45.053075,0.06968527519384601
2023-04-07 13:49:43,97.576192,46.128287,0.06687029900099228
2023-04-07 13:56:29,97.580891,47.045563,0.06396188652664492
2023-04-07 14:11:29,97.591308,49.171854,0.06540638589970398
2023-04-07 14:26:29,97.601725,51.411368,0.06537695974067997
2023-04-07 14:41:30,97.612153,53.750294,0.060534336492035705
2023-04-07 14:49:48,97.617917,55.079267,0.07267966380596876
2023-04-07 14:55:28,97.621852,55.999875,0.07991778983243913
2023-04-08 06:49:29,98.284363,72.52201,0.03991002579921434
2023-04-08 06:55:35,98.2886,71.422882,0.039416334153862045
2023-04-08 07:02:35,98.293461,70.164858,0.0399410900832703
2023-04-08 07:10:51,98.299201,68.68465,0.03994151905170653
2023-04-08 07:16:29,98.303113,67.679846,0.038537446906845726
2023-04-08 07:20:12,98.305694,67.018865,0.038098521101387284
2023-04-08 07:31:31,98.313553,65.017175,0.03997260193213859
2023-04-08 07:45:18,98.323125,62.605297,0.04165635138896008
2023-04-08 08:02:32,98.335093,59.639711,0.04588571981082612
2023-04-08 08:39:05,98.360475,53.599091,0.053358261854468035
2023-04-08 08:47:51,98.366563,52.214734,0.04926896757623765
2023-04-08 08:56:06,98.372292,50.939717,0.04279660607564803
2023-04-08 09:01:45,98.376215,50.083373,0.03957951850855683
2023-04-08 09:11:11,98.382766,48.686773,0.03856569005404467
2023-04-08 09:26:12,98.393194,46.55863,0.05531136540328454
2023-04-08 09:41:13,98.403623,44.563908,0.05960671342021991
2023-04-08 09:49:33,98.40941,43.522102,0.06073382651036232
2023-04-08 09:59:10,98.416088,42.383856,0.059218776584629214
2023-04-08 10:11:11,98.424433,41.066884,0.060020005322452614
2023-04-08 10:26:11,98.43485,39.60484,0.06200260258749362
2023-04-08 10:41:17,98.445336,38.360072,0.06504264478923615
2023-04-08 10:56:11,98.455683,37.378397,0.06284438582476665
2023-04-08 11:11:12,98.466111,36.657862,0.059642318781473816
2023-04-08 11:26:11,98.476516,36.224539,0.06394657205608108
2023-04-08 11:41:13,98.486956,36.087213,0.07031914322018618
2023-04-08 11:56:12,98.497361,36.250258,0.06966226580992263
2023-04-08 12:11:12,98.507778,36.709233,0.06711478548768667
2023-04-08 12:26:12,98.518194,37.452817,0.06386289491314384
2023-04-08 12:41:13,98.528623,38.465098,0.06444178207323419
2023-04-08 12:56:12,98.539028,39.720955,0.06648548673040715
2023-04-08 13:11:11,98.549433,41.198767,0.06618702607424584
2023-04-08 13:26:11,98.55985,42.87621,0.06145182855265895
2023-04-08 13:41:13,98.570289,44.732216,0.06077676156603008
2023-04-08 13:49:28,98.576019,45.816911,0.05795807880947492
2023-04-08 13:56:11,98.580683,46.73145,0.058175024106054296
2023-04-08 14:11:11,98.5911,48.866175,0.057597075876603405
2023-04-08 14:26:11,98.601516,51.113527,0.06214216071445062
2023-04-08 14:41:12,98.611944,53.459623,0.05536360478303692
2023-04-08 14:49:22,98.617616,54.770657,0.053411614918086804
2023-04-08 14:55:03,98.621562,55.69612,0.058286614665171606
2023-04-08 15:19:52,98.638796,59.845597,0.06261273022828362
2023-04-08 15:37:06,98.650764,62.812385,0.06716236580164017
2023-04-08 15:50:53,98.660336,65.224206,0.06754730291154885
2023-04-08 16:02:12,98.668194,67.22521,0.066078893448997
2023-04-08 16:11:43,98.674803,68.919762,0.063055107222874
2023-04-09 06:47:45,99.28316,72.530315,0.048548262598600546
2023-04-09 06:53:55,99.287442,71.417902,0.0556709314700177
2023-04-09 07:00:52,99.292269,70.167179,0.05015604076471613
2023-04-09 07:09:08,99.298009,68.684589,0.04992201973232222
2023-04-09 07:14:45,99.30191,67.680903,0.048365545803697195
2023-04-09 07:18:27,99.304479,67.021552,0.04938010292273527
2023-04-09 07:29:45,99.312326,65.018175,0.049889441909324
2023-04-09 08:00:39,99.333785,59.643399,0.08137488859597904
2023-04-09 08:36:59,99.359016,53.606373,0.07766405741610591
2023-04-09 08:45:49,99.36515,52.201488,0.11782524936613832
2023-04-09 13:25:54,99.559653,42.547884,0.07667399839146356
2023-04-09 14:25:54,99.601319,50.819971,0.08646181422911887
2023-04-09 14:40:55,99.611748,53.173265,0.0688062797286411
2023-04-09 15:38:21,99.651632,62.813416,0.05436548978157462
2023-04-09 15:52:05,99.661169,65.223151,0.05764990450727646
2023-04-09 16:12:52,99.675602,68.917443,0.05615647367807797
2023-04-10 08:52:05,100.369502,50.891597,0.07293156574031687
2023-04-12 12:55:06,102.538264,38.349009,0.15364956751767578
2023-04-13 06:41:10,103.278588,72.530913,0.0538369897311782
2023-04-13 06:47:12,103.282778,71.438601,0.04838270868926092
2023-04-13 06:54:10,103.287616,70.179304,0.04777701066363768
2023-04-13 07:02:26,103.293356,68.688701,0.05037641322851244
2023-04-13 07:08:05,103.29728,67.67269,0.05120880985095072
2023-04-13 07:11:39,103.299757,67.032672,0.05019411918695083
2023-04-13 07:22:51,103.307535,65.030944,0.052087102677920855
2023-04-13 07:36:28,103.316991,62.617317,0.053136193868406026
2023-04-13 07:53:25,103.328762,59.652153,0.05410216647436282
2023-04-13 08:29:03,103.353507,53.617433,0.0537676071466341
2023-04-13 08:39:49,103.360984,51.8639,0.05307371048101047
2023-04-13 08:48:05,103.366725,50.544872,0.05026150572450114
2023-04-13 09:09:49,103.381817,47.209884,0.049924680464147025
2023-04-13 09:24:49,103.392234,45.040927,0.05485686605221198
2023-04-13 09:39:50,103.402662,43.000193,0.049594213183237194
2023-04-13 09:47:59,103.408322,41.954979,0.054770915068364186
2023-04-13 09:57:33,103.414965,40.790433,0.05393636622719409
2023-04-13 10:09:50,103.423495,39.403786,0.05458063890214803
2023-04-13 10:39:52,103.444352,36.612631,0.04845579881896282
2023-04-13 15:43:12,103.655,62.816497,0.04279957551016271
2023-04-13 15:56:49,103.664456,65.229203,0.05425493758536103
2023-04-14 06:45:34,104.281644,71.44375,0.03968204691625013
2023-04-14 06:52:33,104.286493,70.180346,0.04095730411435513
2023-04-14 07:06:44,104.296343,67.622814,0.059453039081388916
2023-04-14 07:10:00,104.298611,67.035806,0.046275644047471344
2023-04-14 07:21:12,104.306389,65.03063,0.04044866334296726
2023-04-14 07:34:47,104.315822,62.617664,0.045490575681483576
2023-04-14 07:51:40,104.327546,59.655787,0.05426839493932506
2023-04-14 09:57:56,104.415231,40.398124,0.03900766354068819
2023-04-14 10:39:36,104.444167,36.270729,0.07050686416429854
2023-04-14 10:54:35,104.454572,35.238548,0.05316463212629936
2023-04-14 11:09:35,104.464988,34.484421,0.0662832359119554
2023-04-14 11:39:36,104.485833,33.884573,0.043617391733081975
2023-04-14 11:54:35,104.496238,34.055352,0.04051188287917562
2023-04-15 07:08:23,105.297488,67.036788,0.04359250377747084
2023-04-15 07:19:33,105.305243,65.034351,0.045491623753389436
2023-04-15 07:33:06,105.314653,62.622314,0.04546410907911403
2023-04-15 07:49:57,105.326354,59.658299,0.045295232300540215
2023-04-15 12:09:20,105.506481,34.183137,0.04495773991352245
2023-04-15 12:39:21,105.527326,36.032018,0.04310080731741869
2023-04-15 12:54:20,105.537731,37.348136,0.052516480987064386
2023-04-15 13:09:20,105.548148,38.89266,0.04523041997293025
2023-04-15 13:24:20,105.558565,40.636883,0.04872056377489164
2023-04-15 14:09:19,105.589803,46.812931,0.06094234801140998
2023-04-15 14:47:38,105.616412,52.86787,0.05671150146521276
2023-04-15 14:53:23,105.620405,53.820821,0.05199670420064938
2023-04-15 15:28:44,105.644954,59.861389,0.05319958789533188
2023-04-15 15:45:34,105.656644,62.822131,0.048082062013866306
2023-04-15 15:59:07,105.666053,65.23298,0.04831691715040703
2023-04-15 16:10:17,105.673808,67.233864,0.04934996075484756
2023-04-15 16:19:41,105.680336,68.925679,0.04534845840227022
2023-04-16 06:36:18,106.275208,72.552644,0.043684177977302105
2023-04-16 06:42:24,106.279444,71.446308,0.041764473943356244
2023-04-16 06:49:21,106.284271,70.187097,0.04325847705357583
2023-04-16 06:57:39,106.290035,68.68599,0.04383593745505821
2023-04-16 07:03:20,106.293981,67.660274,0.04252079488900611
2023-04-16 07:06:46,106.296366,67.041665,0.04362586288994935
2023-04-16 07:17:56,106.30412,65.036204,0.046159813214122054
2023-04-16 07:31:27,106.313507,62.625415,0.04391812816000685
2023-04-16 07:48:15,106.325174,59.662615,0.043009397582693266
2023-04-16 08:23:28,106.34963,53.625181,0.047411698093851054
2023-04-16 08:39:05,106.360475,51.050619,0.04913838800742669
2023-04-16 08:47:19,106.366192,49.725712,0.04980860304102466
2023-04-16 08:54:04,106.37088,48.658387,0.04865369665084989
2023-04-16 09:09:04,106.381296,46.355113,0.05141880582038794
2023-04-16 09:24:04,106.391713,44.160739,0.053215427700550336
2023-04-16 09:39:05,106.402141,42.092741,0.055623970320047074
2023-04-16 09:47:17,106.407836,41.025788,0.05499500008963801
2023-04-16 09:57:26,106.414884,39.773427,0.05392999941346334
2023-04-16 10:09:04,106.422963,38.440658,0.057485178661517734
2023-04-16 10:24:04,106.43338,36.903603,0.056097086084531296
2023-04-16 10:39:06,106.443819,35.594092,0.05625301440827156
2023-04-16 10:54:04,106.454213,34.547492,0.05634722508297915
2023-04-16 11:09:05,106.464641,33.78031,0.05196692476121757
2023-04-16 11:24:05,106.475058,33.317156,0.05401546741619491
2023-04-16 11:39:06,106.485486,33.170158,0.05334560394776339
2023-04-16 11:54:05,106.495891,33.34357,0.05806210890884415
2023-04-16 12:09:06,106.506319,33.83303,0.05811872130706859
2023-04-16 12:24:05,106.516725,34.622541,0.06166389393057136
2023-04-16 12:39:06,106.527153,35.694792,0.0631354253245461
2023-04-16 12:54:05,106.537558,37.019671,0.06329377224361246
2023-04-16 13:09:04,106.547963,38.571736,0.060031787521488744
2023-04-16 13:24:05,106.558391,40.327348,0.059586029767341925
2023-04-16 13:47:17,106.574502,43.37213,0.05314641175039974
2023-04-16 13:54:04,106.579213,44.3277,0.05296811329616159
2023-04-16 14:09:05,106.589641,46.532452,0.05202529096585782
2023-04-16 14:24:05,106.600058,48.841987,0.051592723552570906
2023-04-16 15:29:56,106.645787,59.863156,0.054776721151353416
2023-04-16 15:46:43,106.657442,62.822457,0.05217296407570696
2023-04-17 06:34:47,107.274155,72.547607,0.06523181633683309
2023-04-17 06:40:50,107.278356,71.449882,0.06726554577742956
2023-04-17 06:47:47,107.283183,70.189917,0.06700595833615526
2023-04-17 06:56:15,107.289062,68.657448,0.06828105708946222
2023-04-17 07:01:57,107.293021,67.627727,0.07072661620985848
2023-04-17 07:05:12,107.295278,67.041489,0.07148456861689434
2023-04-17 07:16:20,107.303009,65.039214,0.07758396447252236
2023-04-17 08:53:50,107.370718,48.386222,0.07836269339330705
2023-04-17 09:08:50,107.381134,46.075335,0.0785395112332278
2023-04-17 09:23:50,107.391551,43.872609,0.07685468358910638
2023-04-17 09:38:51,107.401979,41.795616,0.07430779604104581
2023-04-17 09:47:07,107.40772,40.715021,0.07173585866588679
2023-04-17 09:57:12,107.414722,39.464711,0.0731182278963946
2023-04-17 10:08:50,107.422801,38.124461,0.073709921630903
2023-04-17 10:23:52,107.433241,36.574744,0.07186747680524594
2023-04-17 10:38:57,107.443715,35.252952,0.06913789796798851
2023-04-17 10:53:51,107.454063,34.20428,0.06745101435395988
2023-04-17 11:08:51,107.464479,33.432156,0.0639895103363218
2023-04-17 11:23:51,107.474896,32.965265,0.06385652909369133
2023-04-17 11:38:52,107.485324,32.817092,0.06365071186631999
2023-04-17 11:53:52,107.495741,32.992377,0.06466475944280053
2023-04-17 12:08:51,107.506146,33.484789,0.06212186546168803
2023-04-17 12:23:52,107.516574,34.282273,0.059796858407818766
2023-04-17 12:38:52,107.526991,35.361369,0.06172205967747463
2023-04-17 12:53:51,107.537396,36.695229,0.0609581278213042
2023-04-17 13:08:51,107.547813,38.258705,0.0632420705828782
2023-04-18 06:46:16,108.28213,70.187411,0.07574589269358091
2023-04-18 06:54:38,108.28794,68.671928,0.0720579324542279
2023-04-18 07:00:26,108.291968,67.623155,0.07739653670098033
2023-04-18 07:03:39,108.294201,67.042311,0.07586329234608648
2023-04-18 07:14:47,108.301933,65.037445,0.07352838192339524
2023-04-18 07:28:15,108.311285,62.627065,0.0848447421783852
2023-04-18 07:44:59,108.322905,59.662138,0.07274496719233116
2023-04-18 08:19:55,108.347164,53.629941,0.07812892183427178
2023-04-18 08:38:38,108.360162,50.521148,0.07702754404093481
2023-04-18 08:46:51,108.365868,49.191694,0.08022857508169783
2023-04-18 08:53:36,108.370556,48.118046,0.08387378785795062
2023-04-18 11:23:38,108.474745,32.616052,0.09915491362108053
2023-04-18 12:08:38,108.505995,33.140648,0.12176093681405986
2023-04-18 13:47:17,108.574502,42.8583,0.09341166185522799
2023-04-18 13:53:37,108.5789,43.75878,0.09457582065275096
2023-04-18 14:08:38,108.589329,45.980238,0.09731201125770564
2023-04-18 14:23:37,108.599734,48.302298,0.10417008431757656
2023-04-18 14:38:38,108.610162,50.718118,0.0987429526863224
2023-04-18 14:46:59,108.615961,52.094222,0.09456174792127887
2023-04-18 14:57:22,108.623171,53.833757,0.09935102884634764
2023-04-18 15:32:18,108.647431,59.868544,0.08786558301967236
2023-04-18 15:49:01,108.659039,62.829694,0.09356843570126029
2023-04-18 16:02:29,108.668391,65.238529,0.09531371785947605
2023-04-18 16:13:37,108.676123,67.24156,0.09838431300269608
2023-04-18 16:23:00,108.682639,68.935602,0.10195003481254929
2023-04-18 16:31:05,108.688252,70.39789,0.10170468334223613
2023-04-19 08:18:11,109.345961,53.633812,0.10813090929680416
2023-04-19 08:27:03,109.352118,52.141298,0.10208720694670237
2023-04-19 08:38:24,109.36,50.263807,0.1063961091760329
2023-04-19 08:46:38,109.365718,48.92808,0.10962326259092643
2023-04-19 08:53:23,109.370405,47.851333,0.1062536837858947
2023-04-19 09:08:23,109.380822,45.525385,0.10957108808323715
2023-04-19 09:23:24,109.39125,43.303678,0.1094453562837831
2023-04-19 09:38:25,109.401678,41.208915,0.11136503123596146
2023-04-19 09:46:45,109.407465,40.109501,0.11057488956669344
2023-04-19 09:56:32,109.414259,38.88339,0.1073328445284321
2023-04-19 10:08:24,109.4225,37.499947,0.1045009735308738
2023-04-19 10:23:24,109.432917,35.934586,0.10233115775792553
2023-04-19 10:38:28,109.44338,34.595896,0.09935493552352528
2023-04-19 10:53:24,109.45375,33.529085,0.10742857729275136
2023-04-19 11:08:24,109.464167,32.744839,0.0980398151114473
2023-04-19 11:23:24,109.474583,32.270307,0.10053427057155791
2023-04-19 11:38:25,109.485012,32.11969,0.09956362650197326
2023-04-19 11:53:25,109.495428,32.297975,0.10001918538443554
2023-04-19 12:08:24,109.505833,32.798523,0.09664864407493316
2023-04-19 12:23:24,109.51625,33.607501,0.10089696561752756
2023-04-19 12:38:26,109.52669,34.704914,0.09430470736097518
2023-04-19 12:53:24,109.537083,36.05547,0.09003481978602643
2023-04-19 13:08:24,109.5475,37.638133,0.08253770193511209
2023-04-19 13:23:23,109.557905,39.41889,0.08050589673955547
2023-04-19 13:38:24,109.568333,41.376305,0.08088960308139087
2023-04-19 13:46:35,109.574016,42.506613,0.08129088742380039
2023-04-19 13:53:24,109.57875,43.478841,0.08241877781871482
2023-04-19 14:08:23,109.589155,45.703494,0.08376730131158922
2023-04-19 14:23:23,109.599572,48.035452,0.07940763351609452
2023-04-19 14:38:24,109.61,50.457846,0.07742532621617389
2023-04-19 14:46:36,109.615694,51.812287,0.07657244265268685
2023-04-19 14:53:23,109.620405,52.947594,0.07986157818210607
2023-04-19 14:58:38,109.624051,53.834726,0.0764506182753074
2023-04-19 15:33:26,109.648218,59.86617,0.0754852232552539
2023-04-19 15:50:08,109.659815,62.830582,0.07221339107387226
2023-04-19 16:03:35,109.669155,65.240181,0.07224604191402595
2023-04-19 16:14:41,109.676863,67.239514,0.0682962179406525
2023-04-19 16:24:03,109.683368,68.931965,0.0675501904451091
2023-04-19 16:32:04,109.688935,70.383043,0.06691250469758603
2023-04-20 05:41:12,110.236944,81.407312,0.08401829438449948
2023-04-20 06:30:14,110.270995,72.554028,0.081509951631487
2023-04-20 06:36:19,110.27522,71.4494,0.0814572184699941
2023-04-20 06:43:13,110.280012,70.196877,0.08034162852003317
2023-04-20 06:51:36,110.285833,68.676543,0.07906998405141794
2023-04-20 06:57:16,110.289769,67.650219,0.0787592334191603
2023-04-20 07:00:36,110.292083,67.047172,0.07703919902108551
2023-04-20 07:11:42,110.299792,65.043687,0.07635958459265024
2023-04-20 07:25:07,110.309109,62.634762,0.07925724848151741
2023-04-20 07:41:47,110.320683,59.669154,0.0807269936011832
2023-04-20 08:16:30,110.344792,53.634881,0.09355225737983286
2023-04-20 08:25:21,110.350938,52.138599,0.08784151768766048
2023-04-20 08:38:11,110.35985,50.007905,0.10009299375851216
2023-04-20 08:46:26,110.365579,48.665958,0.0828473541496113
2023-04-20 08:53:10,110.370255,47.588816,0.08304000990867569
2023-04-20 09:08:10,110.380671,45.255423,0.09039060694972284
2023-04-20 09:23:11,110.3911,43.02548,0.08051241241765146
2023-04-20 09:38:11,110.401516,40.924049,0.0870056146333035
2023-04-20 09:46:26,110.407245,39.830158,0.07221782082592594
2023-04-20 09:56:15,110.414062,38.592974,0.07090186270046037
2023-04-20 10:08:11,110.42235,37.193698,0.06457714970269597
2023-04-20 10:23:11,110.432766,35.618734,0.06902649803299872
2023-04-20 10:38:12,110.443194,34.275025,0.06872126204246985
2023-04-20 10:53:11,110.4536,33.196303,0.057461510043732844
2023-04-20 11:08:11,110.464016,32.405883,0.055856893491649615
2023-04-20 11:23:11,110.474433,31.927437,0.054211577295796225
2023-04-20 11:38:12,110.484861,31.77554,0.05192924105018404
2023-04-20 11:53:11,110.495266,31.954927,0.056996205613983275
2023-04-20 12:08:11,110.505683,32.459946,0.06367693329363977
2023-04-20 12:23:14,110.516134,33.27845,0.05635970649165769
2023-04-20 12:38:12,110.526528,34.379286,0.05682611913515075
2023-04-20 12:53:11,110.536933,35.740274,0.058538065310471024
2023-04-20 13:08:11,110.54735,37.332544,0.06196222300929844
2023-04-20 13:23:10,110.557755,39.122963,0.06286644986986749
2023-04-20 13:38:11,110.568183,41.089773,0.06572876159861928
2023-04-20 13:46:26,110.573912,42.234402,0.05625886392550959
2023-04-20 13:53:10,110.578588,43.198737,0.06915015599410829
2023-04-20 14:08:10,110.589005,45.433953,0.06237319571823113
2023-04-20 16:15:46,110.677616,67.242125,0.08758524733660293
2023-04-23 06:47:23,113.282905,68.653471,0.11048822892035502
2023-04-23 07:07:17,113.296725,65.048245,0.10329027855324045
2023-04-23 07:20:40,113.306019,62.635946,0.09737733349929996
2023-04-23 07:37:14,113.317523,59.67211,0.09547602044895752
2023-04-23 08:11:39,113.341424,53.637988,0.11857140428600456
2023-04-23 08:45:53,113.365197,47.897525,0.17637051957726613
2023-04-23 08:52:35,113.36985,46.816838,0.19258140465519955
2023-04-23 09:22:35,113.390683,42.21,0.17435440282970235
2023-04-23 09:37:36,113.401111,40.079868,0.15619289065293016
2023-04-24 05:35:21,114.232882,81.405758,0.060671091914185626
2023-04-24 05:38:55,114.235359,80.77144,0.06149202723980208
2023-04-24 05:43:01,114.238206,80.040026,0.06252575295616171
2023-04-24 06:24:28,114.266991,72.560869,0.05272647441933818
2023-04-24 06:30:33,114.271215,71.456237,0.05211080241008072
2023-04-24 08:10:05,114.340336,53.641821,0.054690195061738
2023-04-24 08:22:23,114.348877,51.534387,0.05384264984797512
2023-04-24 08:37:25,114.359317,49.011396,0.05470188611791916
2023-04-24 08:45:39,114.365035,47.658525,0.0573644405200449
2023-04-24 08:52:24,114.369722,46.56678,0.053329071218557095
2023-04-24 09:07:24,114.380139,44.204492,0.04948627987974747
2023-04-24 09:22:24,114.390556,41.944861,0.046626203517278864
2023-04-24 09:37:25,114.400984,39.806028,0.04972133010921233
2023-04-24 09:52:24,114.411389,37.818437,0.04958873813620646
2023-04-24 10:07:24,114.421806,36.001967,0.04663881247848016
2023-04-24 10:22:25,114.432234,34.386899,0.04835197342389257
2023-04-26 05:36:04,116.23338,80.779293,0.06382188486739777
2023-04-26 06:27:48,116.269306,71.45967,0.05208644679447179
2023-04-26 06:34:45,116.274132,70.197348,0.04854918878155255
2023-04-26 06:43:04,116.279907,68.686487,0.05891469610827352
2023-04-26 07:32:56,116.314537,59.675368,0.04874941874239249
2023-04-26 08:52:04,116.369491,46.075429,0.05347010044211147
2023-04-26 09:07:04,116.379907,43.699181,0.06800384773596438
2023-04-26 14:22:04,116.598657,46.276386,0.07185950958086174
2023-04-29 10:21:38,119.43169,32.930528,0.13952367269302832
2023-04-29 10:36:41,119.442141,31.502179,0.13049304606709586
2023-04-29 10:51:39,119.452535,30.353377,0.1473836391643231
2023-04-29 11:36:40,119.483796,28.831341,0.17246860526028945
2023-04-29 14:44:54,119.614514,49.454122,0.12256310539687577
2023-04-29 14:51:38,119.61919,50.60415,0.13654631541695267
2023-04-29 15:10:30,119.632292,53.878677,0.0868296789580815
2023-04-30 14:06:30,120.587847,42.939917,0.24814399493994502
2023-04-30 14:21:30,120.598264,45.349181,0.22099761436649706
2023-04-30 14:36:32,120.608704,47.842282,0.1810681295207581
2023-04-30 14:44:45,120.61441,49.232706,0.13251097192651412
2023-04-30 14:51:30,120.619097,50.387648,0.13472715809866218
2023-04-30 15:45:28,120.656574,59.913309,0.14234777148454353
2023-04-30 16:01:51,120.667951,62.868765,0.13193931255288013
2023-04-30 16:15:10,120.677199,65.280692,0.1331427946466176
2023-04-30 16:26:10,120.684838,67.276117,0.14834055930845996
2023-04-30 16:58:06,120.707014,73.062093,0.14092760451706293
2023-04-30 17:00:07,120.708414,73.426263,0.13871610060496076
2023-04-30 17:01:58,120.709699,73.760126,0.13759910217576507
2023-05-01 05:33:41,121.231725,80.025358,0.06353898888574434
2023-05-01 05:38:29,121.235058,79.173999,0.06335964819690704
2023-05-01 05:44:27,121.239201,78.111407,0.06360318758605252
2023-05-01 06:10:04,121.256991,73.508096,0.07051103846041103
2023-05-01 06:12:02,121.258356,73.15259,0.0717726307675865
2023-05-01 06:15:16,121.260602,72.567634,0.07384107915466286
2023-05-01 06:21:22,121.264838,71.462628,0.07100911771185628
2023-05-01 06:28:20,121.269676,70.198883,0.0750472870447799
2023-05-01 06:36:42,121.275486,68.679538,0.07735368577203451
2023-05-01 06:42:26,121.279468,67.637751,0.07756771487756935
2023-05-01 06:45:38,121.28169,67.056207,0.07917279309783037
2023-05-01 06:56:39,121.28934,65.054588,0.08403361249299728
2023-05-01 07:09:58,121.298588,62.638742,0.0956028893325575
2023-05-01 07:26:20,121.309954,59.681288,0.09769768607204486
2023-05-01 08:00:09,121.333438,53.649322,0.08427372702022624
2023-05-01 08:09:01,121.339595,52.094255,0.08003470177579584
2023-05-01 08:21:22,121.348171,49.953345,0.0781956126860565
2023-05-01 08:36:24,121.358611,47.394906,0.08333983663602644
2023-05-01 08:44:47,121.364433,45.995261,0.08475587397072457
2023-05-01 08:51:23,121.369016,44.909049,0.08242940654295325
2023-05-01 09:06:23,121.379433,42.499455,0.08962064860775393
2023-05-01 09:21:23,121.38985,40.186587,0.100410035171565
2023-05-01 09:36:24,121.400278,37.988956,0.10695654343205419
2023-05-01 09:51:23,121.410683,35.938162,0.11072163366585626
2023-05-01 10:06:23,121.4211,34.055496,0.10278427341387181
2023-05-01 11:06:24,121.462778,28.904558,0.12497576412727854
2023-05-01 11:21:24,121.473194,28.383017,0.13215972012570437
2023-05-01 11:36:25,121.483623,28.218482,0.09712022333776466
2023-05-01 11:51:25,121.494039,28.417669,0.09930905536615295
2023-05-01 12:06:24,121.504444,28.97165,0.1211836482926936
2023-05-01 12:21:24,121.514861,29.86125,0.10696204354836822
2023-05-01 12:36:25,121.525289,31.057771,0.11369719937341714
2023-05-01 12:51:24,121.535694,32.521814,0.10421355686366346
2023-05-01 13:21:24,121.556528,36.120499,0.10353591392530066
2023-05-01 13:36:25,121.566956,38.189321,0.09953517928614368
2023-05-01 13:51:23,121.57735,40.390303,0.10805874725837408
2023-05-01 14:06:23,121.587766,42.711349,0.1028472751948265
2023-05-01 14:21:24,121.598194,45.129874,0.09442663266575
2023-05-01 14:36:24,121.608611,47.623091,0.11427736388829336
2023-05-01 14:44:39,121.61434,49.02189,0.1087435938220501
2023-05-01 15:06:23,121.629433,52.781883,0.12822084841739784
2023-05-01 15:12:40,121.633796,53.885705,0.10023981689035834
2023-05-01 15:46:28,121.657269,59.913536,0.10025881725565251
2023-05-01 16:02:52,121.668657,62.874659,0.0909794534884412
2023-05-17 11:20:46,137.472755,24.153575,0.11270342022990382
2023-05-22 08:36:02,142.358356,43.6764,0.26315073685661255
2023-05-22 09:21:02,142.389606,36.133787,0.277034336785544
2023-05-22 09:36:03,142.400035,33.790101,0.2673439254954334
2023-05-22 10:21:03,142.431285,27.654615,0.2854568011622828
2023-05-22 12:06:03,142.504201,23.807818,0.25126998801684747
2023-05-22 16:05:24,142.670417,60.007321,0.24462158298201203
2023-05-22 16:35:00,142.690972,65.372981,0.22622873962119963
2023-05-22 16:46:04,142.698657,67.369074,0.22364934800493236
2023-05-22 16:55:35,142.705266,69.078764,0.24051909187261075
2023-05-22 17:03:47,142.710961,70.545792,0.23373769899586982
2023-05-22 17:12:38,142.717106,72.121988,0.22751001211163316
2023-05-22 17:18:43,142.721331,73.200471,0.22083129278431043
2023-05-22 17:20:36,142.722639,73.533465,0.21974784342676476
2023-05-23 05:07:29,143.21353,80.787191,0.20825159227339402
2023-05-23 05:11:47,143.216516,80.055404,0.20828608633745813
2023-05-23 05:16:52,143.220046,79.185287,0.2029358313844235
2023-05-23 05:22:56,143.224259,78.140281,0.19617724097874306
2023-05-23 05:30:25,143.229456,76.84224,0.19414430157035312
2023-05-23 05:39:46,143.235949,75.207811,0.19274492803659515
2023-05-23 05:48:56,143.242315,73.593318,0.19663699271033547
2023-05-23 05:50:52,143.243657,73.25141,0.19507021928275914
2023-05-23 05:54:36,143.24625,72.589886,0.1930451935839976
2023-05-23 06:00:57,143.25066,71.461021,0.1957438791628167
2023-05-23 06:07:51,143.255451,70.229628,0.20434516356184193
2023-05-23 06:16:21,143.261354,68.706649,0.20362926619873467
2023-05-23 06:22:13,143.265428,67.651949,0.20486860133224172
2023-05-23 06:25:26,143.267662,67.072563,0.20774583900023175
2023-05-23 06:36:30,143.275347,65.074075,0.21755608604089013
2023-05-23 06:49:48,143.284583,62.66394,0.20960403599223168
2023-05-23 07:06:03,143.295868,59.711822,0.20812695415825214
2023-05-23 07:39:17,143.318947,53.677013,0.2268598395919687
2023-05-23 07:51:06,143.327153,51.541893,0.2177712334871777
2023-05-23 08:06:06,143.337569,48.847989,0.21439479985329163
2023-05-23 08:21:06,143.347986,46.180138,0.21336883424005643
2023-05-23 08:36:07,143.358414,43.545085,0.21729878897389415
2023-05-23 09:06:07,143.379248,38.436409,0.2027915148778889
2023-05-23 09:21:07,143.389664,35.990755,0.2045531972193718
2023-05-23 09:36:07,143.400081,33.644175,0.21885301714862365
2023-05-23 09:51:06,143.410486,31.42491,0.24385769262463305
2023-05-23 16:22:30,143.682292,62.974315,0.18120326943011467
2023-05-24 05:11:02,144.215995,80.07018,0.2567889660577204
2023-05-24 05:39:12,144.235556,75.197765,0.219213692794368
2023-05-24 05:50:40,144.243519,73.178675,0.22238417052716053
2023-05-24 05:54:02,144.245856,72.582648,0.21715652946666042
2023-05-24 06:00:11,144.250127,71.490442,0.2090766163801587
2023-05-24 06:07:15,144.255035,70.230483,0.20499480466940087
2023-05-24 06:15:59,144.2611,68.666847,0.20382953189294784
2023-05-24 06:21:55,144.26522,67.600785,0.20695486943812477
2023-05-24 06:24:46,144.267199,67.087749,0.20494672568894673
2023-05-24 06:35:57,144.274965,65.069323,0.2051221972870557
2023-05-24 06:49:11,144.284155,62.672206,0.2101453432657503
2023-05-24 07:05:28,144.295463,59.714604,0.20365325417348262
2023-05-24 07:38:39,144.318507,53.687735,0.1981330678795941
2023-05-24 07:51:11,144.327211,51.422077,0.20585132005112727
2023-05-24 08:06:11,144.337627,48.726816,0.20881085029187743
2023-05-24 08:21:11,144.348044,46.057084,0.20205281086290378
2023-05-24 08:36:12,144.358472,43.419569,0.19359226669140173
2023-05-24 09:06:11,144.379294,38.30677,0.19286486762552796
2023-05-24 09:21:12,144.389722,35.853802,0.20821618855239152
2023-05-24 09:36:13,144.40015,33.499342,0.2047552357573974
2023-05-24 09:51:12,144.410556,31.274129,0.21828424606868652
2023-05-24 10:06:12,144.420972,29.20234,0.2185291221641805
2023-05-24 10:21:12,144.431389,27.325111,0.24630939038923072
2023-05-24 10:36:13,144.441817,25.686191,0.24593488659139812
2023-05-24 10:51:12,144.452222,24.341368,0.24802078293777263
2023-05-24 11:06:12,144.462639,23.337868,0.25337234993862523
2023-05-24 13:21:14,144.556412,31.531972,0.23217160919673122
2023-05-24 13:36:13,144.566817,33.7728,0.23214515014539583
2023-05-25 13:21:18,145.556458,31.385336,0.2805498296328946
2023-05-25 13:51:18,145.577292,36.003228,0.27112153050528964
2023-05-25 14:06:18,145.587708,38.466788,0.26932308391951965
2023-05-25 16:08:00,145.672222,60.078721,0.31704773036279116
2023-05-25 17:19:21,145.721771,72.901128,0.31202749863362084
2023-05-26 05:47:52,146.241574,73.472733,0.13438974309053306
2023-05-26 05:49:46,146.242894,73.137623,0.13410783759070258
2023-05-26 05:52:52,146.245046,72.589882,0.13524785830068156
2023-05-26 05:59:10,146.249421,71.473158,0.13549191882641845
2023-05-26 06:06:07,146.254248,70.236147,0.13653538612776564
2023-05-26 06:15:18,146.260625,68.594349,0.137322611131515
2023-05-26 06:21:36,146.265,67.463667,0.13453599060037544
2023-05-26 06:48:07,146.283414,62.674686,0.14097891382900202
2023-05-26 07:37:51,146.317951,53.64148,0.13863001648446804
2023-05-26 07:51:23,146.32735,51.193175,0.1411890505023448
2023-05-26 08:06:23,146.337766,48.495411,0.1442788993183359
2023-05-26 08:21:24,146.348194,45.81923,0.15429999649964407
2023-05-26 08:36:25,146.358623,43.177155,0.16232498128756903
2023-05-26 09:06:24,146.379444,38.051533,0.1560369389192465
2023-05-26 09:21:24,146.389861,35.592746,0.1544175672063481
2023-05-26 09:36:24,146.400278,33.230738,0.15329502039071816
2023-05-26 09:51:23,146.410683,30.993783,0.15568104168566158
2023-05-26 10:06:24,146.421111,28.906621,0.15811559795767374
2023-05-26 10:21:24,146.431528,27.015435,0.154785717697365
2023-05-26 10:36:26,146.441968,25.360561,0.15232786734296772
2023-05-26 10:51:25,146.452373,24.002648,0.15512366303530328
2023-05-26 11:06:24,146.462778,22.989273,0.15294370690899903
2023-05-26 11:21:25,146.473206,22.367748,0.15510917491273313
2023-05-26 11:36:26,146.483634,22.174725,0.15917831698304047
2023-05-26 11:51:24,146.494028,22.419953,0.15651086659611904
2023-05-26 12:06:24,146.504444,23.089759,0.15885981677018612
2023-05-26 12:21:24,146.514861,24.147952,0.16886072630671992
2023-05-26 12:36:25,146.525289,25.546748,0.17190556963092934
2023-05-26 12:51:25,146.535706,27.229194,0.173141186982561
2023-05-26 13:06:25,146.546123,29.145317,0.17301744045484693
2023-05-26 13:21:24,146.556528,31.247398,0.1881614107083451
2023-05-26 13:36:25,146.566956,33.50463,0.19261226277817486
2023-05-26 13:51:23,146.57735,35.873159,0.18773644959265948
2023-05-26 14:36:24,146.608611,43.483428,0.1904190569850653
2023-05-26 15:21:23,146.63985,51.495937,0.18519422358528834
2023-05-26 15:35:15,146.649479,54.004245,0.18817038879980544
2023-05-26 16:08:25,146.672512,60.025666,0.20087776745892652
2023-05-26 16:38:19,146.693275,65.439278,0.19324728205478187
2023-05-26 16:49:08,146.700787,67.385877,0.1949944304657957
2023-05-26 16:58:34,146.707338,69.076032,0.18700467047800895
2023-05-26 17:06:41,146.712975,70.523691,0.1870568506587989
2023-05-27 05:04:48,147.211667,80.818541,0.17129245847493163
2023-05-27 05:20:49,147.222789,78.090988,0.1707432579593228
2023-05-27 05:28:09,147.227882,76.825589,0.17336126243692432
2023-05-27 05:46:51,147.240868,73.559596,0.17091500653953026
2023-05-27 05:48:48,147.242222,73.21614,0.1719349101676342
2023-05-27 05:58:34,147.249005,71.488722,0.17822583348218904
2023-05-27 06:05:34,147.253866,70.243932,0.18088829841820092
2023-05-27 06:15:11,147.260544,68.52583,0.16458597471968517
2023-05-27 06:23:28,147.266296,67.039258,0.16470666790510685
2023-05-27 06:34:15,147.273785,65.096208,0.18121996682923375
2023-05-27 07:03:56,147.294398,59.716262,0.1629984753508517
2023-05-27 07:37:22,147.317616,53.641819,0.16043693939647316
2023-05-27 08:06:29,147.337836,48.388126,0.16432119701051728
2023-05-27 08:21:29,147.348252,45.713248,0.16802394163837678
2023-05-27 08:36:31,147.358692,43.066031,0.16657941639279444
2023-05-27 09:06:30,147.379514,37.93421,0.16663611948117552
2023-05-27 09:21:30,147.389931,35.47129,0.16362755671905876
2023-05-27 09:36:31,147.400359,33.101834,0.1649654230669165
2023-05-27 10:06:30,147.421181,28.768321,0.16661933972218745
2023-05-27 10:21:30,147.431597,26.870274,0.16730461430537222
2023-05-27 10:36:32,147.442037,25.208318,0.1617523868616091
2023-05-27 11:06:30,147.462847,22.824579,0.15836368600142386
2023-05-27 12:21:31,147.514942,23.989521,0.16512227025320894
2023-05-27 14:21:29,147.598252,40.76538,0.16091294079377993
2023-05-27 15:06:29,147.629502,48.687374,0.1520724339639579
2023-05-27 15:36:14,147.650162,54.055949,0.14920133298617771
2023-05-27 16:09:08,147.673009,60.029599,0.15806216151641925
2023-05-27 16:25:27,147.68434,62.987777,0.1599189518087464
2023-05-27 16:49:56,147.701343,67.402002,0.17621636207019042
2023-05-27 16:59:20,147.70787,69.085016,0.16130666753124884
2023-05-27 17:07:25,147.713484,70.525612,0.1621036139693731
2023-05-28 07:03:24,148.294028,59.731689,0.23008171476910005
2023-05-28 07:51:36,148.3275,50.983461,0.19524121493881483
2023-05-28 08:06:36,148.337917,48.283433,0.1844694973508352
2023-05-28 08:36:38,148.358773,42.957717,0.17154246860982547
2023-05-28 09:06:37,148.379595,37.820018,0.1573455374024159
2023-05-28 11:06:38,148.46294,22.6645,0.16829747500750444
2023-05-28 11:21:37,148.473345,22.036871,0.17641547043961245
2023-05-28 11:36:38,148.483773,21.840712,0.1665311569347258
2023-05-28 11:51:38,148.49419,22.089135,0.17185717551722973
2023-05-28 12:06:37,148.504595,22.765834,0.17164810386579496
2023-05-28 12:21:38,148.515023,23.836316,0.18239688250377528
2023-05-29 06:46:40,149.282407,62.691478,0.13278733309862895
2023-05-29 07:03:00,149.29375,59.728273,0.13130265029724777
2023-05-29 07:36:27,149.316979,53.650025,0.1263065301752239
2023-05-29 08:06:44,149.338009,48.181303,0.13812031997010482
2023-05-29 08:21:44,149.348426,45.503414,0.13272459658893973
2023-05-29 08:36:47,149.358877,42.849262,0.1382007310959511
2023-05-30 05:19:13,150.221678,78.111376,0.3061356972697211
2023-05-30 05:26:28,150.226713,76.865291,0.3104608858630803
2023-05-30 05:49:54,150.242986,72.778928,0.3237689623477547
2023-05-30 05:51:44,150.244259,72.455906,0.32013501719855186
2023-05-30 05:57:05,150.247975,71.510842,0.32719066800308083
2023-05-30 06:04:17,150.252975,70.233707,0.32341370838316386
2023-05-30 06:13:19,150.259248,68.623637,0.3203871965442791
2023-05-30 06:19:40,150.263657,67.487103,0.308119137389374
2023-05-30 06:21:54,150.265208,67.086531,0.3084545764126622
2023-05-30 06:32:55,150.272859,65.104822,0.3119150370279591
2023-05-30 06:46:17,150.282141,62.689629,0.3093949388043118
2023-05-30 07:02:34,150.293449,59.736268,0.29911480036886295
2023-05-30 07:36:02,150.31669,53.654798,0.30593278986149275
2023-06-01 05:18:21,152.221076,78.117026,0.2320829798531503
2023-06-01 05:25:37,152.226123,76.871047,0.2320461701166795
2023-06-01 06:45:31,152.281609,62.701803,0.21751550006105416
2023-06-01 07:01:51,152.292951,59.740979,0.22863881777798795
2023-06-01 07:52:11,152.327905,50.602675,0.22021491488820685
2023-06-02 06:20:42,153.264375,67.115331,0.22550562701591206
2023-06-02 06:45:12,153.281389,62.703707,0.24480067932678562
2023-06-02 07:01:31,153.29272,59.746706,0.2609017834886971
2023-06-02 07:34:41,153.315752,53.719738,0.2396194466978892
2023-06-02 07:52:16,153.327963,50.532282,0.21526658286454106
2023-06-02 08:07:17,153.338391,47.824646,0.23470927882500797
2023-06-02 08:37:18,153.359236,42.486274,0.2618860104779025
2023-06-02 09:07:18,153.380069,37.319932,0.24880710280744442
2023-06-02 09:22:17,153.390475,34.838461,0.21802039050579575
2023-06-03 05:06:01,154.212512,80.083665,0.22302251232784379
2023-06-03 05:11:04,154.216019,79.232733,0.2179212299141137
2023-06-03 05:17:17,154.220336,78.177775,0.2038784851581235
2023-06-03 05:24:55,154.225637,76.872049,0.20278931359034671
2023-06-03 05:34:25,154.232234,75.23249,0.18684662482511694
2023-06-03 05:43:29,154.23853,73.654138,0.19007416759320875
2023-06-03 05:45:35,154.239988,73.286816,0.1869088573458895
2023-06-03 05:49:27,154.242674,72.608858,0.17913757710442818
2023-06-03 05:55:36,154.246944,71.526423,0.17453265353249361
2023-06-03 06:02:51,154.251979,70.244396,0.17068947577291727
2023-06-03 06:20:22,154.264144,67.123419,0.15873114251829598
2023-06-03 06:31:34,154.271921,65.113014,0.15407353417983838
2023-06-03 06:44:55,154.281192,62.704796,0.14759435134259338
2023-06-03 07:01:13,154.292512,59.75161,0.1573117937086602
2023-06-03 07:34:23,154.315544,53.724825,0.15014441453904093
2023-06-03 09:07:26,154.380162,37.237757,0.23226391147375916
2023-06-03 10:07:27,154.42184,27.944461,0.1948446870730141
2023-06-03 10:22:28,154.432269,26.003055,0.18306084418002436
2023-06-03 10:37:28,154.442685,24.301979,0.15826547672105665
2023-06-03 12:52:27,154.536424,26.2145,0.09892909370794103
2023-06-05 13:52:45,156.578299,34.854495,0.16626087789936297
2023-06-06 06:19:36,157.263611,67.136875,0.2587905232033782
2023-06-06 06:30:50,157.271412,65.123372,0.26018371828472325
2023-06-06 06:44:08,157.280648,62.726945,0.26480777282157214
2023-06-06 07:00:30,157.292014,59.764035,0.2620951300842527
2023-06-06 07:33:39,157.315035,53.74116,0.2752926855175795
2023-06-06 07:52:55,157.328414,50.246208,0.24744771314557953
2023-06-06 08:07:55,157.338831,47.538854,0.2838613965578839
2023-06-06 08:22:55,157.349248,44.851717,0.23550805821216614
2023-06-06 08:37:56,157.359676,42.190848,0.2674093695905003
2023-06-07 05:33:17,158.231447,75.257577,0.216450554861971
2023-06-07 05:42:47,158.238044,73.609075,0.20758872988690424
2023-06-07 05:44:40,158.239352,73.280622,0.19332939601510454
2023-06-07 07:00:18,158.291875,59.771305,0.14985713894068467
2023-06-07 07:33:27,158.314896,53.748808,0.13318581978557686
2023-06-08 06:19:13,159.263345,67.148467,0.0889752582551177
2023-06-08 06:30:24,159.271111,65.145696,0.0959488478903897
2023-06-08 06:43:47,159.280405,62.735969,0.09158493840466579
2023-06-08 07:00:08,159.291759,59.777545,0.0883850984915206
2023-06-10 05:09:22,161.214838,79.256374,0.20329543969266856
2023-06-10 05:15:42,161.219236,78.188819,0.21161776330284163
2023-06-10 06:01:15,161.250868,70.300859,0.13428480762726022
2023-06-10 06:30:09,161.270938,65.155042,0.10154204362042536
2023-06-11 05:09:22,162.214838,79.239669,0.06107758834086332
2023-06-11 05:15:26,162.219051,78.217845,0.0596675057132695
2023-06-11 05:23:08,162.224398,76.91009,0.059772580603232144
2023-06-11 05:32:35,162.230961,75.28997,0.0585585637697557
2023-06-11 05:54:00,162.245833,71.564487,0.058423469063123804
2023-06-11 06:01:08,162.250787,70.30928,0.06096921528557322
2023-06-11 06:43:27,162.280174,62.752076,0.06554178172270889
2023-06-11 06:59:49,162.291539,59.792604,0.07044607201684698
2023-06-16 05:09:02,167.214606,79.287729,0.2855700063612938
2023-06-16 05:15:24,167.219028,78.218443,0.27066672272754555
2023-06-16 05:22:57,167.224271,76.939527,0.2609733648390826
2023-06-16 05:32:27,167.230868,75.314919,0.2488230046068753
2023-06-16 05:47:41,167.241447,72.677956,0.23028571833771908
2023-06-16 05:53:54,167.245764,71.591709,0.23236812377072263
2023-06-16 06:01:04,167.250741,70.332986,0.23873050404512983
2023-06-17 05:09:08,168.214676,79.284262,0.21589007415218064
2023-06-17 05:47:37,168.2414,72.705407,0.2473785177509902
2023-06-17 06:01:08,168.250787,70.337814,0.23841670100445198
2023-06-17 06:18:52,168.263102,67.197432,0.21813707428866674
2023-06-19 05:09:11,170.214711,79.316815,0.14312169452471613
2023-06-19 05:15:28,170.219074,78.262703,0.13389820795380297
2023-06-19 05:23:08,170.224398,76.965367,0.1243354594941996
2023-06-19 05:32:42,170.231042,75.330771,0.12202374906935776
2023-06-19 06:01:17,170.250891,70.358219,0.11403084619846077
2023-06-23 07:33:57,174.315243,53.842793,0.15064379561039135
2023-06-25 05:10:22,176.215532,79.352764,0.1033261021195161
2023-06-25 05:16:38,176.219884,78.301622,0.10227117060793642
2023-06-25 05:24:19,176.22522,77.001661,0.10050079851456674
2023-06-25 05:33:52,176.231852,75.370139,0.09909894220694104
2023-06-25 05:55:25,176.246817,71.632595,0.09772136480936822
2023-06-25 06:02:32,176.251759,70.38351,0.09775985840937672
2023-06-27 05:11:07,178.216053,79.340511,0.20889078411377554
2023-06-27 05:17:15,178.220313,78.311131,0.20776423823611734
2023-06-27 05:24:57,178.22566,77.007725,0.20306551597696487
2023-06-27 05:34:29,178.23228,75.378304,0.2054319290960773
2023-06-27 05:55:53,178.247141,71.665564,0.2540896778316644
2023-06-27 06:03:07,178.252164,70.395656,0.26053779660486476
2023-06-27 06:32:04,178.272269,65.252596,0.3357001428901426
2023-06-27 06:45:26,178.281551,62.851476,0.32415113721443056
2023-06-27 07:01:49,178.292928,59.892233,0.2973586129908791
2023-06-28 05:11:26,179.216273,79.350386,0.4048086028165804
2023-06-28 05:17:36,179.220556,78.315076,0.3919240468475353
2023-06-28 05:25:17,179.225891,77.01406,0.37080560478377433
2023-06-28 05:34:54,179.232569,75.369836,0.40236946589880934
2023-06-28 05:49:56,179.243009,72.768059,0.4266209221269047
2023-06-28 06:03:23,179.25235,70.411984,0.38319241504268375
2023-06-28 06:32:26,179.272523,65.250269,0.3805814651817594
2023-06-28 06:45:47,179.281794,62.851801,0.35701699098606837
2023-06-28 07:02:08,179.293148,59.898302,0.3423802456428266
2023-06-29 05:18:06,180.220903,78.297748,0.40939397339681166
2023-06-29 05:25:37,180.226123,77.024383,0.3700159580963904
2023-06-29 05:35:11,180.232766,75.388213,0.39507348688538907
2023-06-30 07:02:53,181.293669,59.900094,0.41472742229700993
2023-06-30 17:03:32,181.710787,67.517612,0.22318306229612184
2023-07-01 05:12:30,182.217014,79.384578,0.1788774949711235
2023-07-01 05:18:46,182.221366,78.331058,0.14807553981987207
2023-07-01 05:26:25,182.226678,77.033973,0.12877625100700674
2023-07-01 05:36:00,182.233333,75.393476,0.11383346808997029
2023-07-01 05:51:04,182.243796,72.783096,0.11128689878519112
2023-07-01 05:57:26,182.248218,71.669777,0.1075440832597823
2023-07-01 06:04:40,182.253241,70.398314,0.09774522084907711
2023-07-01 06:33:27,182.273229,65.280035,0.10861931845626303
2023-07-01 07:36:23,182.316933,53.892365,0.07639006386730982
2023-07-01 07:57:44,182.331759,50.01829,0.057299119198911445
2023-07-01 08:12:44,182.342176,47.30892,0.0928256205325175
2023-07-01 08:42:45,182.363021,41.952146,0.033509788810926214
2023-07-03 05:13:24,184.217639,79.394956,0.07786427746252364
2023-07-03 05:19:41,184.222002,78.33729,0.07596691757195573
2023-07-03 05:27:18,184.227292,77.044309,0.0785795246857297
2023-07-03 05:36:51,184.233924,75.407743,0.07982840387189205
2023-07-03 05:51:56,184.244398,72.791938,0.07350439346197947
2023-07-03 05:58:12,184.24875,71.695177,0.07618244604752358
2023-07-03 06:05:27,184.253785,70.419812,0.07363467421991755
2023-07-03 06:34:15,184.273785,65.295371,0.07504524013900118
2023-07-03 06:47:39,184.28309,62.885618,0.07229331083571763
2023-07-03 07:37:13,184.317512,53.899174,0.06449289068267766
2023-07-04 05:13:56,185.218009,79.391664,0.05448605834518316
2023-07-04 05:20:10,185.222338,78.341624,0.066774096717943
2023-07-04 05:27:46,185.227616,77.050602,0.06402802830497582
2023-07-04 05:37:16,185.234213,75.421633,0.05419704239223722
2023-07-04 05:58:40,185.249074,71.698429,0.046090481707984354
2023-07-04 06:05:48,185.254028,70.443043,0.043404013426456264
2023-07-04 06:34:42,185.274097,65.299053,0.04141677284269784
2023-07-04 07:04:28,185.294769,59.929574,0.04296530494648444
2023-07-05 05:14:30,186.218403,79.386308,0.12878432108399548
2023-07-05 05:20:39,186.222674,78.349472,0.11676263108650385
2023-07-05 05:28:21,186.228021,77.040453,0.1367880427129031
2023-07-05 05:37:46,186.23456,75.424594,0.1702138870854945
2023-07-05 06:35:10,186.274421,65.302957,0.17054110401113223
2023-07-07 05:15:28,188.219074,79.41386,0.12073720008010116
2023-07-07 05:21:46,188.223449,78.349942,0.1193442999110452
2023-07-07 05:29:23,188.228738,77.052961,0.11865124104476396
2023-07-07 05:38:56,188.23537,75.411669,0.11354199896426681
2023-07-13 05:14:00,194.218056,80.309285,0.09461201287143493
2023-07-13 05:19:10,194.221644,79.437408,0.09087835734470294
2023-07-13 05:32:58,194.231227,77.081774,0.09932771003961156
2023-07-13 05:42:26,194.237801,75.445801,0.10388800002350157
2023-07-13 06:03:38,194.252523,71.732631,0.09682163843695316
2023-07-13 06:10:44,194.257454,70.475978,0.09864501346709749
2023-07-14 05:14:41,195.21853,80.3131,0.05086374711815668
2023-07-14 05:19:52,195.22213,79.437268,0.04725996354162168
2023-07-14 05:33:36,195.231667,77.090238,0.04429710769825676
2023-07-14 05:43:02,195.238218,75.458357,0.04521309041498693
2023-07-14 06:04:15,195.252951,71.739008,0.04712828052344529
2023-07-14 06:11:22,195.257894,70.478443,0.04749485064982359
2023-07-15 05:15:27,196.219063,80.305502,0.15832701092982857
2023-07-15 05:20:35,196.222627,79.436911,0.15276541879267894
2023-07-15 05:26:46,196.226921,78.383331,0.1510288365492609
2023-07-15 05:34:18,196.232153,77.089799,0.1511683884712505
2023-07-16 05:16:07,197.219525,80.317306,0.12291900854868923
2023-07-16 05:21:17,197.223113,79.441907,0.12191516943726871
2023-07-16 05:27:32,197.227454,78.375545,0.12279531063332051
2023-07-16 05:35:00,197.232639,77.091842,0.1217026355589728
2023-07-16 05:44:24,197.239167,75.462078,0.120452800435829
2023-08-12 05:44:57,224.239549,79.4199,0.1015112646270927
2023-08-12 05:50:54,224.243681,78.363105,0.09925362069703395
2023-08-16 05:48:57,228.242326,79.39789,0.0887918263682182
2023-08-28 11:25:59,240.476377,33.722482,0.060066200122913596
2023-08-28 12:11:00,240.507639,34.283883,0.06419683067155454
2023-08-31 06:46:35,243.28235,71.698445,0.05625539095448256
2023-08-31 06:53:34,243.287199,70.438808,0.050301505768126746
2023-08-31 07:11:02,243.299329,67.302296,0.04351763885049146
2023-08-31 07:22:14,243.307106,65.305398,0.0468602269347273
2023-08-31 08:28:16,243.352963,53.953386,0.0454150804225939
2023-09-02 06:55:40,245.288657,70.440735,0.05306005027196551
2023-09-02 07:24:25,245.308623,65.308968,0.05702943404704165
2023-09-06 06:52:57,249.286771,71.701482,0.11052527196733393
2023-09-06 07:00:00,249.291667,70.439141,0.11473596462713394
2023-09-07 07:01:05,250.292419,70.442825,0.0728687334038747
2023-09-08 06:48:59,251.284016,72.804693,0.08288415320344923
2023-09-09 06:50:05,252.28478,72.804919,0.09354186165486032
2023-09-09 06:56:14,252.289051,71.705439,0.09273127224042357
2023-09-10 06:51:11,253.285544,72.806707,0.09489757540988375
2023-09-10 06:57:21,253.289826,71.70608,0.09372888533913919
2023-09-10 07:04:24,253.294722,70.452438,0.09291098490731366
2023-09-11 06:58:27,254.29059,71.711403,0.1255112344812555
2023-09-11 07:05:31,254.295498,70.457295,0.10775094219146783
2023-09-13 06:54:31,256.287859,72.815884,0.24609195917736224
2023-09-15 06:46:31,258.282303,74.646281,0.05701442551186657
2023-09-15 07:10:09,258.298715,70.466674,0.05400123107629884
2023-09-19 06:46:45,262.282465,75.426859,0.0346352484841163
2023-09-19 07:01:28,262.292685,72.831792,0.0336352486937951
2023-09-19 07:07:44,262.297037,71.735338,0.032763636713969375
2023-09-19 07:14:57,262.302049,70.480186,0.03190593350014882
2023-09-22 07:49:07,265.325775,65.370042,0.06486043905674614
2023-09-24 06:43:17,267.280058,77.087064,0.03037204643819482
2023-09-24 06:52:36,267.286528,75.450229,0.029816065711239677
2023-09-24 07:01:45,267.292882,73.853657,0.02676087947637229
2023-09-24 07:03:43,267.294248,73.512112,0.026893680414400864
2023-09-24 07:07:33,267.29691,72.848176,0.02878924745307024
2023-09-24 07:13:55,267.301331,71.751016,0.028511764488980813
2023-09-24 07:21:15,267.306424,70.496656,0.02860730899146855
2023-09-24 07:51:57,267.327743,65.377424,0.02548549509487914
2023-09-24 08:06:53,267.338113,62.980772,0.02472395678259495
2023-09-24 08:25:54,267.351319,60.038948,0.02462115009893966
2023-09-26 06:45:46,269.281782,77.07591,0.0487708887980536
2023-09-26 06:55:01,269.288206,75.459078,0.049183428281294295
2023-09-26 07:16:29,269.303113,71.757279,0.04799613640135593
2023-09-29 06:49:32,272.284398,77.065682,0.09855919018849088
2023-09-29 06:58:47,272.290822,75.46258,0.09703364199258034
2023-09-29 07:13:57,272.301354,72.864796,0.09527527191860571
2023-09-29 07:20:29,272.305891,71.759471,0.09919557577903845
2023-09-29 07:27:57,272.311076,70.507745,0.0964544772594456
2023-09-30 06:43:09,273.279965,78.395068,0.03232624263454037
2023-09-30 06:50:35,273.285127,77.101726,0.031301095857300794
2023-09-30 06:59:59,273.291655,75.477407,0.02948750303743067
2023-09-30 07:29:17,273.312002,70.518999,0.026557821391393347
2023-10-02 06:45:42,275.281736,78.387231,0.07124205965780733
2023-10-02 06:53:11,275.286933,77.092757,0.06784821043019137
2023-10-02 07:02:38,275.293495,75.470403,0.0695868643616961
2023-10-02 07:18:00,275.304167,72.867488,0.06526488570094736
2023-10-02 07:24:34,275.308727,71.770526,0.06074952630335031
2023-10-02 07:32:10,275.314005,70.513888,0.061473001308275314
2023-10-07 06:59:40,280.291435,77.108476,0.07776688069779025
2023-10-07 07:09:14,280.298079,75.495546,0.07718717395317375
2023-10-07 07:24:57,280.308993,72.888652,0.0798449293898263
2023-10-07 07:39:26,280.319051,70.541706,0.0793044321505328
2023-10-07 07:59:22,280.332894,67.415142,0.0747612153681348
2023-10-07 08:12:32,280.342037,65.425667,0.07431339201323878
2023-10-08 07:00:57,281.292326,77.119973,0.09496774786420131
2023-10-08 07:10:36,281.299028,75.499396,0.09227728832643746
2023-10-08 07:26:24,281.31,72.890709,0.0899532002602148
2023-10-08 07:33:17,281.31478,71.773942,0.0893559697812241
2023-10-08 07:41:01,281.32015,70.535187,0.08962066383553795
2023-10-08 08:01:05,281.334086,67.408959,0.08832262170907529
2023-10-08 08:14:18,281.343264,65.4281,0.08736164458373927
2023-10-08 08:27:04,281.35213,63.581833,0.08722601477257243
2023-10-09 07:02:19,282.293275,77.119465,0.12035363210355993
2023-10-09 07:12:10,282.300116,75.472267,0.12081598534031192
2023-10-09 07:27:52,282.311019,72.892679,0.118553778665126
2023-10-09 07:34:41,282.315752,71.792564,0.11535376670387269
2023-10-09 07:42:31,282.321192,70.544921,0.11617517551313107
2023-10-10 06:55:58,283.288866,78.419836,0.17730539474864174
2023-10-10 07:03:38,283.29419,77.129454,0.21159979399283815
2023-10-10 07:13:24,283.300972,75.502838,0.19429934467262897
2023-10-10 07:29:20,283.312037,72.897281,0.1582931142501714
2023-10-10 07:36:10,283.316782,71.800503,0.13505103083257622
2023-10-10 07:44:06,283.322292,70.544466,0.1275396334435936
2023-10-14 07:29:26,287.312106,73.857075,0.32559426982898027
2023-10-25 08:53:26,298.37044,64.941068,0.04081360848368734
2023-10-25 09:08:26,298.380856,63.228584,0.03651321004055661
2023-10-31 09:07:57,304.380521,65.023429,0.04554143252111024
2023-10-31 09:22:56,304.390926,63.489054,0.035679881073556755
2023-10-31 09:38:47,304.401933,62.027907,0.03657251525724928
2023-10-31 09:52:57,304.411771,60.873239,0.038681649328203394
2023-10-31 10:07:57,304.422188,59.81652,0.034692912332581934
2023-10-31 10:22:59,304.432627,58.93819,0.03002811052208575
2023-10-31 11:07:58,304.463866,57.468682,0.03160632680886745
2023-11-03 12:37:55,307.526331,60.887292,0.04321914900214679
2023-11-05 11:22:57,309.474271,58.951569,0.04096602619640691
2023-11-05 11:52:56,309.495093,59.382155,0.041334155706026936
2023-11-05 12:07:56,309.505509,59.892759,0.03250034639780403
2023-11-05 12:22:57,309.515938,60.594855,0.040515355016713425
2023-11-05 12:52:57,309.536771,62.540806,0.04668593385674117
2023-11-05 13:07:56,309.547176,63.766431,0.05535817925340509
2023-11-05 13:22:58,309.557616,65.152909,0.05940901129209255
2023-11-05 14:22:57,309.599271,72.038104,0.04359425101563713
2023-11-05 15:10:53,309.632558,78.769603,0.039477582864983665
2023-11-05 15:17:54,309.637431,79.824155,0.04041926252665164
2023-11-05 15:23:38,309.641412,80.696501,0.03643176262713756
2023-11-05 15:28:26,309.644745,81.433614,0.032643454940320484
2023-11-05 15:32:30,309.647569,82.062537,0.031049939299407015
2023-11-06 15:09:20,310.631481,78.767917,0.036876865249691006
2023-11-07 09:53:01,311.411817,62.930978,0.03787336218821727
2023-11-07 10:08:02,311.422245,61.90495,0.038978288075403954
2023-11-07 10:23:02,311.432662,61.055835,0.03747372164849686
2023-11-07 10:38:01,311.443067,60.390844,0.037602602715402444
2023-11-07 10:53:01,311.453484,59.914913,0.045182230817387925
2023-11-07 11:23:01,311.474317,59.549932,0.045881763332085504
2023-11-07 11:53:01,311.49515,59.976579,0.04193682989813616
2023-11-07 12:08:01,311.505567,60.482576,0.03640931302926418
2023-11-07 12:23:02,311.515995,61.178474,0.0401273372422805
2023-11-07 12:38:01,311.5264,62.054996,0.043353080824636285
2023-11-07 12:53:01,311.536817,63.106771,0.04517099688926363
2023-11-07 13:08:01,311.547234,64.32389,0.04310814747789511
2023-11-07 13:23:04,311.557685,65.701409,0.050394042305813
2023-11-07 13:53:01,311.578484,68.867609,0.04638769962941044
2023-11-07 14:08:01,311.5889,70.645064,0.04487852810780081
2023-11-07 14:23:02,311.599329,72.539189,0.04854128864790965
2023-11-07 14:41:50,311.612384,75.056367,0.047563097245597756
2023-11-07 14:47:30,311.616319,75.844185,0.04701273047225348
2023-11-07 14:58:55,311.624248,77.468861,0.048804590648036446
2023-11-07 15:07:47,311.630405,78.762801,0.04824879137427729
2023-11-07 15:14:56,311.63537,79.824992,0.04754349207308999
2023-11-07 15:20:41,311.639363,80.690398,0.046932437100008
2023-11-07 15:25:36,311.642778,81.437671,0.04623031669854689
2023-11-07 15:29:43,311.645637,82.068098,0.04602177403825806
2023-11-08 10:08:05,312.42228,62.188001,0.03602611245602606
2023-11-08 10:23:06,312.432708,61.34147,0.035925953844405945
2023-11-08 10:53:05,312.45353,60.205624,0.03333451959321112
2023-11-08 11:38:05,312.48478,59.956614,0.02434940645268616
2023-11-08 11:53:06,312.495208,60.267662,0.026249632518259684
2023-11-08 12:08:05,312.505613,60.771022,0.027365298027475195
2023-11-08 12:23:06,312.516042,61.463962,0.02894498631959455
2023-11-08 12:38:06,312.526458,62.337916,0.030717110438459726
2023-11-08 12:53:05,312.536863,63.384394,0.028434093980280982
2023-11-08 13:08:06,312.547292,64.598237,0.031752952751056204
2023-11-08 13:23:06,312.557708,65.966006,0.02759452604864795
2023-11-08 13:38:05,312.568113,67.477083,0.02576730575999147
2023-11-08 13:53:05,312.57853,69.124501,0.026995189605304056
2023-11-08 14:08:06,312.588958,70.898359,0.027257768900610362
2023-11-08 14:23:06,312.599375,72.784762,0.02721540698247786
2023-11-08 14:45:47,312.615127,75.831865,0.025527537071921482
2023-11-08 14:57:20,312.623148,77.463724,0.0238324783862202
2023-11-08 15:06:17,312.629363,78.761508,0.02240549771335663
2023-11-08 15:13:27,312.63434,79.819922,0.022376200183605775
2023-11-08 15:19:15,312.638368,80.688036,0.022575480428498787
2023-11-08 15:24:15,312.64184,81.444045,0.022629743082341863
2023-11-08 15:28:14,312.644606,82.050986,0.023099710627274988
2023-11-11 10:08:23,315.422488,63.006073,0.04084945430696463
2023-11-11 10:23:24,315.432917,62.170156,0.03843455063247547
2023-11-11 11:38:27,315.485035,60.805413,0.0352019284439239
2023-11-11 11:53:22,315.495394,61.110945,0.03256864839424069
2023-11-11 12:08:22,315.50581,61.608461,0.02973449921538871
2023-11-11 12:53:22,315.53706,64.190627,0.031228544633983897
2023-11-11 13:08:22,315.547477,65.389427,0.025648152870823733
2023-11-11 13:23:23,315.557905,66.743895,0.026502589336290034
2023-11-11 13:38:22,315.56831,68.239441,0.022945794837521957
2023-11-11 15:09:09,315.631354,79.80385,0.029528801876421575
2023-11-11 15:15:08,315.635509,80.684518,0.024206218184085197
2023-11-11 15:20:03,315.638924,81.416152,0.02441492427750149
2023-11-11 15:24:14,315.641829,82.043888,0.023971095636811924
2023-11-14 10:23:47,318.433183,62.95752,0.035957909506869876
2023-11-14 13:53:46,318.579005,70.577152,0.03271426605733479
2023-11-14 15:05:07,318.628553,79.789704,0.03736093121863018
2023-11-15 12:53:56,319.537454,65.1989,0.024536835481803645
2023-11-15 13:08:55,319.547859,66.379352,0.021931472818295928
2023-11-15 13:23:56,319.558287,67.715277,0.022247112269225332
2023-11-15 13:53:55,319.579109,70.802271,0.02040983017054944
2023-11-15 14:08:55,319.589525,72.537184,0.021230576624812605
2023-11-15 14:23:56,319.599954,74.388005,0.022007781172732412
2023-11-15 14:56:25,319.622512,78.734864,0.021370089593446356
2023-11-15 15:03:50,319.627662,79.785024,0.02038631253906862
2023-11-15 15:09:58,319.631921,80.667571,0.020866254830056448
2023-11-15 15:15:00,319.635417,81.400697,0.024378329513207144
2023-11-15 15:19:14,319.638356,82.023043,0.02339898685091665
2023-11-17 14:09:17,321.58978,72.966302,0.015541638382637748
2023-11-17 14:24:18,321.600208,74.807259,0.01652600761716992
2023-11-17 14:32:44,321.606065,75.887422,0.016220268659461013
2023-11-17 14:38:24,321.61,76.630796,0.015535557141326393
2023-11-17 14:40:18,321.611319,76.883094,0.015073413078989037
2023-11-17 14:53:49,321.620706,78.719935,0.017602356452574415
2023-11-17 15:01:23,321.625961,79.778415,0.017686405822154642
2023-11-17 15:07:31,321.63022,80.651009,0.01797962729379317
2023-11-17 15:12:37,321.633762,81.385871,0.01812100473054656
2023-11-17 15:17:00,321.636806,82.023734,0.017719955181053734
2023-11-18 10:24:32,322.433704,63.932522,0.014259647831272293
2023-11-19 08:38:58,323.360394,73.187716,0.022671706841737516
2023-11-19 08:44:41,323.364363,72.524616,0.020274587212352743
2023-11-19 14:09:43,323.590081,73.377536,0.03166167534955634
2023-11-19 14:24:43,323.600498,75.207035,0.028498257628219215
2023-11-19 14:59:01,323.624317,79.764353,0.03152055545163715
2023-11-19 15:05:17,323.628669,80.64596,0.04028393156666776
2023-11-19 15:10:24,323.632222,81.375459,0.03790784718855558
2023-11-19 15:14:47,323.635266,82.006853,0.02952765629925579
2023-11-20 08:45:46,324.365116,72.627607,0.02036609186378574
2023-11-20 13:09:56,324.548565,67.504365,0.0240965373493193
2023-11-20 13:24:57,324.558993,68.819533,0.023914943405805893
2023-11-20 13:54:56,324.579815,71.861866,0.023199017649885287
2023-11-21 13:10:11,325.548738,67.713649,0.031283296576204
2023-11-21 13:25:12,325.559167,69.025034,0.032211478961147566
2023-11-21 13:33:28,325.564907,69.808148,0.030139863324105755
2023-11-21 13:40:11,325.569572,70.475043,0.03160913679434962
2023-11-21 13:55:11,325.579988,72.059191,0.0332942672295472
2023-11-21 14:10:11,325.590405,73.766283,0.030924625312094292
2023-11-21 14:25:12,325.600833,75.588788,0.02921504009574155
2023-11-21 14:33:45,325.606771,76.673508,0.029284124773927007
2023-11-21 14:48:37,325.617095,78.63437,0.03024598403870059
2023-11-21 14:50:29,325.618391,78.886885,0.029610593578722158
2023-11-21 14:56:53,325.622836,79.762684,0.030314596008436615
2023-11-21 15:03:10,325.627199,80.636956,0.03170609620211358
2023-11-21 15:08:27,325.630868,81.382472,0.03135078933310649
2023-11-21 15:12:47,325.633877,82.000549,0.03092706517240904
2023-11-22 13:10:26,326.548912,67.916207,0.027318388227436458
2023-11-22 13:25:27,326.55934,69.223787,0.028385606120272106
2023-11-22 13:40:27,326.569757,70.671453,0.028444225716426703
2023-11-22 13:55:26,326.580162,72.249756,0.0269916158900297
2023-11-22 14:10:26,326.590579,73.952534,0.02708431547283395
2023-11-22 14:25:29,326.60103,75.774795,0.026909897390263494
2023-11-22 14:48:04,326.616713,78.701669,0.026421782049510203
2023-11-22 14:55:48,326.622083,79.751721,0.02747895329631671
2023-11-22 15:02:07,326.62647,80.625735,0.028424906711160023
2023-11-22 15:07:23,326.630127,81.364953,0.029581210050659112
2023-11-22 15:11:52,326.633241,82.001249,0.028083618138499397
2023-11-23 13:10:42,327.549097,68.113332,0.02605984716840974
2023-11-23 13:25:43,327.559525,69.417249,0.025309937506215078
2023-11-23 13:34:03,327.565313,70.2025,0.02766468821857323
2023-11-23 13:40:43,327.569942,70.861055,0.03122539923568247
2023-11-23 13:55:42,327.580347,72.435321,0.030008741994854066
2023-11-23 14:10:41,327.590752,74.131977,0.027800914855928376
2023-11-23 14:25:42,327.601181,75.945704,0.029526865995552203
2023-11-23 14:34:07,327.607025,77.008287,0.029970568222122247
2023-11-23 14:39:52,327.611019,77.752062,0.029548583035827535
2023-11-23 14:46:58,327.615949,78.689488,0.030849202628721928
2023-11-23 14:54:47,327.621377,79.744588,0.03155815058610031
2023-11-23 15:01:08,327.625787,80.618431,0.03334481942845203
2023-11-23 15:06:26,327.629468,81.358511,0.03444514336332867
2023-11-23 15:10:53,327.632558,81.986954,0.034765591102538615
2023-11-25 13:26:17,329.559919,69.786472,0.03012030091789329
2023-11-25 13:34:42,329.565764,70.575643,0.02983403254897902
2023-11-25 13:41:17,329.570336,71.222873,0.028872873626753434
2023-11-25 13:56:16,329.580741,72.789354,0.02820859486898688
2023-11-25 14:11:16,329.591157,74.479935,0.028815305079158308
2023-11-25 14:26:17,329.601586,76.285582,0.029260547157600535
2023-11-25 14:34:47,329.607488,77.354202,0.028682133464845255
2023-11-25 14:40:25,329.6114,78.079843,0.028586844719382394
2023-11-25 14:45:01,329.614595,78.682235,0.027618423568546806
2023-11-25 14:52:53,329.620058,79.732017,0.027612279290593414
2023-11-25 14:59:18,329.624514,80.605653,0.027258681729778307
2023-11-25 15:04:39,329.628229,81.345226,0.029167899755775068
2023-11-25 15:09:10,329.631366,81.977007,0.027736866264613327
2023-11-26 13:26:35,330.560127,69.962095,0.03767474865547545
2023-11-26 13:34:54,330.565903,70.739673,0.027933666681618056
2023-11-26 13:41:34,330.570532,71.39328,0.025914789384448075
2023-11-26 13:56:34,330.580949,72.957697,0.04336073511615588
2023-11-26 14:11:33,330.591354,74.64249,0.038476000590233234
2023-11-26 14:26:35,330.601794,76.446141,0.05489341020162032
2023-11-26 14:35:10,330.607755,77.523114,0.09865881797388742
2023-11-26 14:44:02,330.613912,78.669198,0.049721765344875414
2023-11-26 14:58:28,330.623935,80.602181,0.04645252781850919
2023-11-26 15:03:49,330.62765,81.338141,0.03779582567152271
2023-11-26 15:08:25,330.630845,81.978611,0.036244870735644315
2023-11-28 13:42:13,332.570984,71.721123,0.028115803603846006
2023-11-28 13:57:14,332.581412,73.280351,0.02686299177236053
2023-11-29 13:35:53,333.566586,71.225984,0.023746688962266532
2023-11-29 13:42:33,333.571215,71.875116,0.023835283381768938
2023-12-02 13:28:36,336.561528,70.884724,0.04010452504036
2023-12-02 13:37:07,336.567442,71.670865,0.04012858728150478
2023-12-02 13:58:39,336.582396,73.848353,0.04981457473846376
2023-12-02 14:13:38,336.592801,75.513025,0.05249428667635529
2023-12-02 14:28:38,336.603218,77.291906,0.052308984256376104
2023-12-02 14:37:31,336.609387,78.394524,0.05194657134876424
2023-12-02 14:43:37,336.613623,79.171486,0.0523189299862262
2023-12-02 14:45:33,336.614965,79.420969,0.05269297406866742
2023-12-02 14:47:34,336.616366,79.68282,0.05301077761465262
2023-12-02 14:54:20,336.621065,80.573114,0.05432729464423574
2023-12-02 14:59:46,336.624838,81.300448,0.05527249524830392
2023-12-02 15:04:25,336.628067,81.931219,0.059710559878321336
2023-12-06 13:30:12,340.562639,71.375875,0.036191213250976816
2023-12-06 13:38:44,340.568565,72.158022,0.03518583900658964
2023-12-06 13:45:11,340.573044,72.778091,0.035831124789000565
2023-12-06 14:00:11,340.583461,74.312062,0.032579790359367984
2023-12-06 14:15:19,340.59397,75.982595,0.03467144543407988
2023-12-06 14:30:14,340.604329,77.740881,0.03338413260358035
2023-12-06 14:38:42,340.610208,78.784618,0.03495243230549299
2023-12-06 14:44:42,340.614375,79.543066,0.03324528266021927
2023-12-06 14:46:39,340.615729,79.792785,0.03341827342938844
2023-12-06 14:52:19,340.619664,80.52711,0.03074723583355485
2023-12-06 14:57:55,340.623553,81.264939,0.029264640087409262
2023-12-06 15:02:41,340.626863,81.901969,0.028474319848923093
2023-12-14 13:33:41,348.565058,72.023026,0.01677653518548623
2023-12-14 13:41:57,348.570799,72.772173,0.01828192701874359
2023-12-14 13:48:40,348.575463,73.410787,0.01725352552242229
2023-12-14 14:03:40,348.58588,74.929695,0.016928771829266227
2023-12-14 14:18:40,348.596296,76.569478,0.01737756150485251
2023-12-14 14:33:46,348.606782,78.333055,0.017610157047157543
2023-12-14 14:42:38,348.61294,79.417486,0.018319062795857613
2023-12-14 14:48:37,348.617095,80.168366,0.01860951913976146
2023-12-14 14:50:33,348.618438,80.41414,0.018723528547523703
2023-12-14 14:52:31,348.619803,80.665686,0.019356419280768554
2023-12-14 14:56:45,348.622743,81.212272,0.01912220960986955
2023-12-14 15:01:25,348.625984,81.82262,0.019115894837655262
2023-12-15 08:32:56,349.356204,78.32344,0.07380201604173318
2023-12-15 08:43:45,349.363715,77.052274,0.016641676413814994
2023-12-15 08:49:41,349.367836,76.378921,0.016210629222246718
2023-12-15 13:34:09,349.565382,72.072789,0.02292064083128905
2023-12-15 13:42:22,349.571088,72.816649,0.03319344661942733
2023-12-15 14:04:08,349.586204,74.977086,0.025390675780750254
2023-12-16 08:44:35,350.364294,77.054146,0.023166643261708888
2023-12-16 08:50:25,350.368345,76.393363,0.02376523111160169
2023-12-16 13:34:37,350.565706,72.11505,0.034021831614169315
2023-12-16 13:42:57,350.571493,72.869178,0.03791786754013291
2023-12-16 13:49:36,350.576111,73.500584,0.035366103197432115
2023-12-16 14:04:36,350.586528,75.017185,0.035470620129936264
2023-12-16 14:19:36,350.596944,76.6546,0.03157655071307812
2023-12-16 14:34:37,350.607373,78.405729,0.03467120479749578
2023-12-16 14:43:25,350.613484,79.480111,0.03584239800114108
2023-12-16 14:49:14,350.617523,80.20854,0.034334197578262816
2023-12-16 14:51:15,350.618924,80.464344,0.03375680955296239
2023-12-16 14:53:12,350.620278,80.713242,0.03356653330914965
2023-12-16 14:56:48,350.622778,81.176655,0.03431188834587213
2023-12-16 15:01:38,350.626134,81.806535,0.03351224967785438
2023-12-17 08:45:22,351.364838,77.055608,0.025558672983559075
2023-12-17 08:51:19,351.36897,76.382956,0.02604321893545406
2023-12-17 13:35:05,351.56603,72.149832,0.03412577381800493
2023-12-17 13:43:32,351.571898,72.914276,0.03387012015735156
2023-12-17 13:50:04,351.576435,73.534408,0.036325490344776126
2023-12-17 14:05:04,351.586852,75.050023,0.03238621227919578
2023-12-17 14:20:05,351.59728,76.688318,0.03485626448601166
2023-12-17 14:35:12,351.607778,78.450558,0.0361393658040566
2023-12-17 14:43:33,351.613576,79.469037,0.04010144869563083
2023-12-17 14:49:25,351.61765,80.202565,0.0372521333410379
2023-12-17 14:51:24,351.619028,80.453762,0.03768154359917982
2023-12-17 14:53:32,351.620509,80.72572,0.03844037428353894
2023-12-17 14:56:56,351.62287,81.162842,0.03872872176136408
2023-12-17 15:01:47,351.626238,81.793963,0.037708141136671904
2023-12-18 08:46:06,352.365347,77.056533,0.021854214573786574
2023-12-18 08:52:00,352.369444,76.390409,0.020252311136884343
2023-12-18 13:35:33,352.566354,72.177162,0.022274563164917074
2023-12-18 13:43:47,352.572072,72.921006,0.02281075456353545
2023-12-18 13:50:32,352.576759,73.560888,0.023010021157373394
2023-12-18 14:05:32,352.587176,75.075638,0.023123152884302663
2023-12-18 14:20:32,352.597593,76.711176,0.024870658251218408
2023-12-18 14:35:33,352.608021,78.460406,0.02628293426079464
2023-12-18 14:43:57,352.613854,79.484146,0.026740729413525496
2023-12-18 14:49:49,352.617928,80.217162,0.02624924026962563
2023-12-18 14:51:45,352.619271,80.461839,0.026171211302564605
2023-12-18 14:53:34,352.620532,80.69312,0.026219138006948414
2023-12-18 14:57:09,352.623021,81.153121,0.025137906588252105
2023-12-18 15:02:01,352.6264,81.785677,0.02497328366932378
2023-12-19 08:45:04,353.36463,77.253628,0.020813443222456766
2023-12-19 08:51:06,353.368819,76.568279,0.01959582206970817
2023-12-19 13:36:02,353.56669,72.198533,0.024749202106686203
2023-12-19 13:44:31,353.572581,72.965269,0.022504550510057317
2023-12-19 13:51:01,353.577095,73.581673,0.025307505763984023
2023-12-19 14:06:01,353.587512,75.09582,0.02439391433454019
2023-12-19 14:21:02,353.59794,76.732625,0.026173590612793188
2023-12-19 14:36:08,353.608426,78.49135,0.029086832062312704
2023-12-19 14:44:42,353.614375,79.535732,0.026599508835454574
2023-12-19 14:50:26,353.618356,80.252326,0.02854173093978839
2023-12-19 14:52:19,353.619664,80.490677,0.030079148379700108
2023-12-19 14:57:28,353.623241,81.149651,0.033965905056749145
2023-12-19 15:02:17,353.626586,81.775154,0.03486692243529686
2023-12-20 13:36:31,354.567025,72.212513,0.03358210669528276
2023-12-20 13:45:03,354.572951,72.983632,0.03622016063227102
2023-12-20 13:51:36,354.5775,73.60486,0.03683764959926756
2023-12-20 14:06:39,354.587951,75.124624,0.03430182090186819
2023-12-20 14:21:30,354.598264,76.743311,0.039786088700751204
2023-12-20 14:36:34,354.608727,78.497437,0.03576937421768342
2023-12-20 14:45:30,354.614931,79.586751,0.03433315041574698
2023-12-20 14:51:14,354.618912,80.303918,0.03545009104929073
2023-12-20 14:53:18,354.620347,80.565746,0.0346675776009557
2023-12-20 14:57:44,354.623426,81.133125,0.035296197630409955
2023-12-20 15:02:36,354.626806,81.764614,0.035133664041923085
2023-12-23 08:46:52,357.36588,77.295889,0.01175558877006828
2023-12-23 08:52:59,357.370127,76.600728,0.011281553858212721
2023-12-23 13:37:57,357.568021,72.209062,0.013196760723515976
2023-12-23 13:46:17,357.573808,72.961175,0.012942334662073795
2023-12-23 13:52:57,357.578438,73.592577,0.012568271632657491
2023-12-23 14:07:59,357.588877,75.109161,0.013405115550563854
2023-12-23 14:22:56,357.599259,76.737671,0.014720823685582788
2023-12-23 14:37:59,357.609711,78.489152,0.014320411343387556
2023-12-23 14:46:41,357.615752,79.549157,0.01586238050361217
2023-12-23 14:52:27,357.619757,80.269709,0.015946956604728394
2023-12-23 14:54:20,357.621065,80.508004,0.016105971246397382
2023-12-23 14:58:58,357.624282,81.100261,0.01550755967175705
2023-12-23 15:03:50,357.627662,81.731213,0.015148527362694638
2023-12-24 08:47:37,358.3664,77.255208,0.012225725866948308
2023-12-24 08:53:31,358.370498,76.584954,0.01214361480863173
2023-12-24 13:38:26,358.568356,72.19391,0.01317032689190311
2023-12-24 13:46:39,358.574063,72.93524,0.013055380820370471
2023-12-24 13:53:25,358.578762,73.575883,0.013021271855157198
2023-12-24 14:08:25,358.589178,75.088922,0.013283419396024227
2023-12-24 14:23:28,358.59963,76.728439,0.014188799452564654
2023-12-24 14:38:26,358.610023,78.470427,0.014054006989837864
2023-12-24 14:47:11,358.6161,79.536585,0.013990989496208944
2023-12-24 14:53:10,358.620255,80.28459,0.014257406254616195
2023-12-24 14:55:03,358.621562,80.523087,0.014312215440716682
2023-12-24 14:59:38,358.624745,81.109387,0.013958961893503262
2023-12-24 15:04:21,358.628021,81.721149,0.014878496805611608
2023-12-25 08:48:02,359.36669,77.246071,0.016829849665597092
2023-12-25 08:54:19,359.371053,76.532409,0.0185692901892325
2023-12-25 13:38:56,359.568704,72.173064,0.020390766829821882
2023-12-25 13:47:15,359.574479,72.923864,0.019715266912280812
2023-12-25 13:53:54,359.579097,73.553788,0.01878283739820239
2023-12-25 14:08:54,359.589514,75.067075,0.017203935610621793
2023-12-25 14:23:54,359.599931,76.701233,0.01922101875508305
2023-12-25 14:38:55,359.610359,78.449167,0.0193716505552124
2023-12-25 14:47:33,359.616354,79.501081,0.021539232115423187
2023-12-25 14:53:30,359.620486,80.244726,0.02116769805434048
2023-12-25 14:55:20,359.621759,80.476805,0.021260824440253467
2023-12-25 15:00:03,359.625035,81.080031,0.0213842891935686
2023-12-25 15:04:55,359.628414,81.711388,0.020843563643429427
2023-12-26 08:48:21,360.36691,77.24159,0.025305217454999855
2023-12-26 08:54:30,360.371181,76.542059,0.025435467324591583
2023-12-27 08:54:51,361.371424,76.52607,0.025927984505653444
2023-12-27 13:39:54,361.569375,72.107214,0.024960785250926577
2023-12-27 13:48:16,361.575185,72.863137,0.024678108567962997
2023-12-27 13:54:52,361.579769,73.488825,0.026109883313478015
2023-12-27 14:09:52,361.590185,75.003088,0.02750584134617614
2023-12-27 14:24:54,361.600625,76.64206,0.027179448281683574
2023-12-27 14:40:00,361.611111,78.401361,0.029380667736636543
2023-12-27 14:48:33,361.617049,79.444082,0.032429657424812276
2023-12-27 14:54:19,361.621053,80.165148,0.032809914891873564
2023-12-27 14:56:16,361.622407,80.412087,0.03336376672501343
2023-12-27 15:01:25,361.625984,81.071542,0.04006622534316386
2023-12-27 15:06:11,361.629294,81.690975,0.04359860738213465
2023-12-30 13:41:20,364.57037,71.954879,0.08883796830475423
2023-12-30 13:49:49,364.576262,72.722975,0.07241231854769994
2023-12-30 13:56:17,364.580752,73.337273,0.06943606603514302
2023-12-30 14:26:19,364.601609,76.495583,0.06546316780998951
2023-12-30 14:41:23,364.612072,78.253672,0.07144954782872848
2023-12-30 14:50:12,364.618194,79.33101,0.05726819753257984
2023-12-30 14:56:26,364.622523,80.112892,0.05581546890716339
2023-12-30 14:58:25,364.6239,80.365033,0.057315131582666295
2023-12-30 15:00:26,364.625301,80.62303,0.056533667218240505
2023-12-30 15:03:33,364.627465,81.024888,0.056704436801135925
2023-12-30 15:08:24,364.630833,81.657573,0.05880078832112004
